threshold,run_id,paired_speedup,method
0.03,1,1.5710026190857274,solve
0.03,2,1.5597155269469147,solve
0.03,3,1.6679463821993536,solve
0.03,4,1.566303391500115,solve
0.03,5,1.5652057745369896,solve
0.03,6,1.5642131662693994,solve
0.03,7,1.4526968605206318,solve
0.03,8,1.5654915672046243,solve
0.03,9,1.5633238669444434,solve
0.03,10,1.564391994509804,solve
0.03,11,1.5657691679199546,solve
0.03,12,1.5666264663939853,solve
0.03,13,1.4418850939366215,solve
0.03,14,1.5377192654556064,solve
0.03,15,1.5655891508079163,solve
0.03,16,1.56516041715334,solve
0.03,17,1.5389417345329153,solve
0.03,18,1.3625770247826205,solve
0.03,19,1.5577536570361512,solve
0.03,20,1.5614003879710583,solve
0.04,1,1.6076527186525276,solve
0.04,2,1.6004125610132534,solve
0.04,3,1.562521366496583,solve
0.04,4,1.5711177542192638,solve
0.04,5,1.5981738915060157,solve
0.04,6,1.5786629907570915,solve
0.04,7,1.5778610757630547,solve
0.04,8,1.553534801188653,solve
0.04,9,1.5534662094780043,solve
0.04,10,1.582243255986106,solve
0.04,11,1.6025694689352104,solve
0.04,12,1.576768994232581,solve
0.04,13,1.5583561356282123,solve
0.04,14,1.5936488596141327,solve
0.04,15,1.5639655820910174,solve
0.04,16,1.598915165709695,solve
0.04,17,1.600245594371175,solve
0.04,18,1.5755147110080887,solve
0.04,19,1.5620937787401359,solve
0.04,20,1.5964456314935802,solve
0.045,1,1.621044050866994,solve
0.045,2,1.626984217109715,solve
0.045,3,1.6282740382403313,solve
0.045,4,1.6255678100194721,solve
0.045,5,1.6252015272303728,solve
0.045,6,1.6244385520137217,solve
0.045,7,1.6249918791601798,solve
0.045,8,1.6253441317388664,solve
0.045,9,1.6170362347672722,solve
0.045,10,1.6247054440332536,solve
0.045,11,1.6252097413267557,solve
0.045,12,1.6254510567916174,solve
0.045,13,1.6192716897303128,solve
0.045,14,1.627973043527663,solve
0.045,15,1.6198139598924308,solve
0.045,16,1.624693755746669,solve
0.045,17,1.6289496669921857,solve
0.045,18,1.6266899752245612,solve
0.045,19,1.607407722786378,solve
0.045,20,1.6185437154877744,solve
0.05,1,1.652462986625552,solve
0.05,2,1.6422527684168648,solve
0.05,3,1.638546174057699,solve
0.05,4,1.6400504910701275,solve
0.05,5,1.6355574170366105,solve
0.05,6,1.639058783682673,solve
0.05,7,1.6384801506178692,solve
0.05,8,1.6370011016671555,solve
0.05,9,1.6258625711559898,solve
0.05,10,1.6335372806926702,solve
0.05,11,1.6388955578984254,solve
0.05,12,1.633327125940903,solve
0.05,13,1.6326286880936878,solve
0.05,14,1.63864853867072,solve
0.05,15,1.6328935987201214,solve
0.05,16,1.6358314406693086,solve
0.05,17,1.6389158889794457,solve
0.05,18,1.6372310582837728,solve
0.05,19,1.6283606872704206,solve
0.05,20,1.6384585376021061,solve
0.03,1,1.3512038796228298,sm
0.03,2,1.3442231628853543,sm
0.03,3,1.4381539078049146,sm
0.03,4,1.3515371624407366,sm
0.03,5,1.344527528796296,sm
0.03,6,1.347735687309855,sm
0.03,7,1.3481372168440806,sm
0.03,8,1.3497929321340427,sm
0.03,9,1.2960559473730346,sm
0.03,10,1.3541412369227448,sm
0.03,11,1.3591996700095645,sm
0.03,12,1.3550286761321775,sm
0.03,13,1.3546034958888036,sm
0.03,14,1.144437606339858,sm
0.03,15,1.3232235856648091,sm
0.03,16,1.3388136179257675,sm
0.03,17,1.1974424253834817,sm
0.03,18,1.307697593097007,sm
0.03,19,1.3556633694149607,sm
0.03,20,1.355040740511397,sm
0.04,1,2.15897944307817,sm
0.04,2,2.0210233847013956,sm
0.04,3,1.3878808633867168,sm
0.04,4,1.5208517703512394,sm
0.04,5,2.0245274739550774,sm
0.04,6,1.6526371729914422,sm
0.04,7,1.6787417234367343,sm
0.04,8,1.322707227099667,sm
0.04,9,1.3212301646615723,sm
0.04,10,1.686078112276545,sm
0.04,11,2.1286394213213145,sm
0.04,12,1.6299129270255637,sm
0.04,13,1.379195394982902,sm
0.04,14,1.9264118055427037,sm
0.04,15,1.4787785191736391,sm
0.04,16,2.0416697409270457,sm
0.04,17,2.1257697184526454,sm
0.04,18,1.6221857451327595,sm
0.04,19,1.4294719023372728,sm
0.04,20,2.1067009259276293,sm
0.045,1,3.148082984297225,sm
0.045,2,3.2044567679703317,sm
0.045,3,3.0103264328918042,sm
0.045,4,2.9657666228931108,sm
0.045,5,2.937376057370942,sm
0.045,6,2.990160337492268,sm
0.045,7,2.9871485028776057,sm
0.045,8,2.984493371548028,sm
0.045,9,2.657917868750064,sm
0.045,10,2.9525533597714064,sm
0.045,11,2.9716738834722634,sm
0.045,12,2.7816126173272417,sm
0.045,13,2.7035948947604522,sm
0.045,14,3.1178747857212983,sm
0.045,15,2.799810984133014,sm
0.045,16,2.996016346892484,sm
0.045,17,3.2391205623782335,sm
0.045,18,2.986353684765154,sm
0.045,19,2.478352417924448,sm
0.045,20,3.0059966056763594,sm
0.05,1,3.8318892433347305,sm
0.05,2,3.7881323171610277,sm
0.05,3,3.7525651870120007,sm
0.05,4,3.7952957539331678,sm
0.05,5,3.4861200831635717,sm
0.05,6,3.771746224957565,sm
0.05,7,3.749351797784892,sm
0.05,8,3.5325769567089598,sm
0.05,9,3.0199829133113636,sm
0.05,10,3.386904581623584,sm
0.05,11,3.794162312066724,sm
0.05,12,3.3625899674313677,sm
0.05,13,3.370400569167687,sm
0.05,14,3.805667742496642,sm
0.05,15,3.4224647868670806,sm
0.05,16,3.6490521105683467,sm
0.05,17,3.8052487550654237,sm
0.05,18,3.758467530907537,sm
0.05,19,3.1563438543059266,sm
0.05,20,3.79235174698118,sm
0.03,1,0.6504334856233797,iterative
0.03,2,0.649613953258355,iterative
0.03,3,0.6930701644034882,iterative
0.03,4,0.6526416524644186,iterative
0.03,5,0.6498415843305393,iterative
0.03,6,0.6498624533371431,iterative
0.03,7,0.648757257838326,iterative
0.03,8,0.6497013517439935,iterative
0.03,9,0.6491521076178466,iterative
0.03,10,0.6503836754871155,iterative
0.03,11,0.6390567405500294,iterative
0.03,12,0.6419998053872253,iterative
0.03,13,0.6485508661115948,iterative
0.03,14,0.6502837642183446,iterative
0.03,15,0.6322006855778108,iterative
0.03,16,0.6472350563870347,iterative
0.03,17,0.6491732613891922,iterative
0.03,18,0.6582577008435336,iterative
0.03,19,0.6504515191740395,iterative
0.03,20,0.6500642293992348,iterative
0.04,1,0.4000968904929295,iterative
0.04,2,0.8807940020159506,iterative
0.04,3,1.2529497944224108,iterative
0.04,4,0.8766343505883053,iterative
0.04,5,0.43565167847210207,iterative
0.04,6,0.8423398436596732,iterative
0.04,7,0.8401646245491199,iterative
0.04,8,1.058442012470811,iterative
0.04,9,0.8771324320916762,iterative
0.04,10,0.47220285333678086,iterative
0.04,11,0.5151837610756624,iterative
0.04,12,0.8057962979753237,iterative
0.04,13,1.6186532782369352,iterative
0.04,14,0.584018579839499,iterative
0.04,15,1.116413587646684,iterative
0.04,16,0.6560587062397122,iterative
0.04,17,0.5485790842032374,iterative
0.04,18,0.8578258513402994,iterative
0.04,19,0.9085111353543981,iterative
0.04,20,0.47642717117002725,iterative
0.045,1,0.5359356397279119,iterative
0.045,2,0.6844714714901085,iterative
0.045,3,0.6414128965967117,iterative
0.045,4,0.6204695934061977,iterative
0.045,5,0.6416869946118722,iterative
0.045,6,0.6386433082379901,iterative
0.045,7,0.6389445874895684,iterative
0.045,8,0.642378163163326,iterative
0.045,9,0.7208346975927195,iterative
0.045,10,0.5632774005422128,iterative
0.045,11,0.5475117049558473,iterative
0.045,12,0.6034299113254747,iterative
0.045,13,0.8772916427535368,iterative
0.045,14,0.58261838920555,iterative
0.045,15,0.7590196840533688,iterative
0.045,16,0.7109920403606219,iterative
0.045,17,0.5334556681042452,iterative
0.045,18,0.6407010233959012,iterative
0.045,19,0.6940511964481538,iterative
0.045,20,0.6182417384619878,iterative
0.05,1,0.5642188944821347,iterative
0.05,2,0.6485386179505175,iterative
0.05,3,0.6414329284957996,iterative
0.05,4,0.5892157924654062,iterative
0.05,5,0.680140566794738,iterative
0.05,6,0.6417397003901174,iterative
0.05,7,0.6156763864807467,iterative
0.05,8,0.5966021546231302,iterative
0.05,9,0.7794364322610631,iterative
0.05,10,0.6376354180979079,iterative
0.05,11,0.6007946902942948,iterative
0.05,12,0.6401209969900119,iterative
0.05,13,0.8081440678222107,iterative
0.05,14,0.6435968661844954,iterative
0.05,15,0.7218805237949779,iterative
0.05,16,0.674046893791897,iterative
0.05,17,0.6399478005240136,iterative
0.05,18,0.5491644488552244,iterative
0.05,19,0.7105359031824451,iterative
0.05,20,0.6177707401796434,iterative
