timestamp_utc,threshold,method,run_id,base_seed,time_to_target_s,total_wall_time_s,init_time_s,total_incl_init_s,caps_at_target,best_minz_ohm,success,n_fitness_evals,n_nodes,n_freqs,n_cap_models,device,dtype,folder
2026-09-03T04:42:54Z,0.05,numpy,1,12345,8.206009326997446,8.206372351996833,0.6384913040092215,8.844863656006055,5.0,0.04933871235483948,True,3002,21,1391,3348,cuda,torch.complex128,MinTime/GPUBaseline/numpy__THR__0.05/run_1
2026-09-03T04:43:02Z,0.05,numpy,2,12345,8.212484668998513,8.212832829012768,0.6384913040092215,8.85132413302199,5.0,0.04998971918804901,True,3024,21,1391,3348,cuda,torch.complex128,MinTime/GPUBaseline/numpy__THR__0.05/run_2
2026-09-03T04:43:11Z,0.05,numpy,3,12345,8.331049611006165,8.331414551008493,0.6384913040092215,8.969905855017714,5.0,0.04970050547649624,True,3067,21,1391,3348,cuda,torch.complex128,MinTime/GPUBaseline/numpy__THR__0.05/run_3
2026-09-03T04:43:20Z,0.05,numpy,4,12345,8.18087518401444,8.18124165100744,0.6384913040092215,8.819732955016661,5.0,0.04965031377676366,True,3014,21,1391,3348,cuda,torch.complex128,MinTime/GPUBaseline/numpy__THR__0.05/run_4
2026-09-03T04:43:30Z,0.05,numpy,5,12345,9.545311747002415,9.545688542013522,0.6384913040092215,10.184179846022744,5.0,0.04925394688232587,True,3503,21,1391,3348,cuda,torch.complex128,MinTime/GPUBaseline/numpy__THR__0.05/run_5
2026-09-03T04:43:39Z,0.05,numpy,6,12345,8.267317698977422,8.26767313000164,0.6384913040092215,8.906164434010861,5.0,0.04987177739186355,True,3044,21,1391,3348,cuda,torch.complex128,MinTime/GPUBaseline/numpy__THR__0.05/run_6
2026-09-03T04:43:47Z,0.05,numpy,7,12345,8.304315702000167,8.30468458699761,0.6384913040092215,8.943175891006831,5.0,0.04975612278014253,True,3056,21,1391,3348,cuda,torch.complex128,MinTime/GPUBaseline/numpy__THR__0.05/run_7
2026-09-03T04:43:57Z,0.05,numpy,8,12345,9.3906116069993,9.39116050201119,0.6384913040092215,10.02965180602041,5.0,0.04983789207815846,True,3447,21,1391,3348,cuda,torch.complex128,MinTime/GPUBaseline/numpy__THR__0.05/run_8
2026-09-03T04:44:10Z,0.05,numpy,9,12345,12.364367256988771,12.364653785014525,0.6384913040092215,13.003145089023747,7.0,0.04949855152453102,True,4502,21,1391,3348,cuda,torch.complex128,MinTime/GPUBaseline/numpy__THR__0.05/run_9
2026-09-03T04:44:21Z,0.05,numpy,10,12345,10.113419002009323,10.113842385995667,0.6384913040092215,10.752333690004889,5.0,0.04941998549316086,True,3707,21,1391,3348,cuda,torch.complex128,MinTime/GPUBaseline/numpy__THR__0.05/run_10
2026-09-03T04:44:29Z,0.05,numpy,11,12345,8.177604914992116,8.17795994298649,0.6384913040092215,8.816451246995712,5.0,0.04959256880415113,True,3014,21,1391,3348,cuda,torch.complex128,MinTime/GPUBaseline/numpy__THR__0.05/run_11
2026-09-03T04:44:40Z,0.05,numpy,12,12345,10.26420897297794,10.264516292983899,0.6384913040092215,10.90300759699312,6.0,0.04961725133415507,True,3760,21,1391,3348,cuda,torch.complex128,MinTime/GPUBaseline/numpy__THR__0.05/run_12
2026-09-03T04:44:51Z,0.05,numpy,13,12345,10.237640779989306,10.237944720982341,0.6384913040092215,10.876436024991563,6.0,0.04964866811735366,True,3752,21,1391,3348,cuda,torch.complex128,MinTime/GPUBaseline/numpy__THR__0.05/run_13
2026-09-03T04:45:00Z,0.05,numpy,14,12345,8.15467513501062,8.155022514023585,0.6384913040092215,8.793513818032807,5.0,0.04896215114959578,True,3006,21,1391,3348,cuda,torch.complex128,MinTime/GPUBaseline/numpy__THR__0.05/run_14
2026-09-03T04:45:10Z,0.05,numpy,15,12345,9.887007075012662,9.887497559015173,0.6384913040092215,10.525988863024395,5.0,0.049062134450472666,True,3624,21,1391,3348,cuda,torch.complex128,MinTime/GPUBaseline/numpy__THR__0.05/run_15
2026-09-03T04:45:19Z,0.05,numpy,16,12345,8.720735976996366,8.721149856981356,0.6384913040092215,9.359641160990577,5.0,0.049461310666673364,True,3208,21,1391,3348,cuda,torch.complex128,MinTime/GPUBaseline/numpy__THR__0.05/run_16
2026-09-03T04:45:28Z,0.05,numpy,17,12345,8.152496190014062,8.15285975599545,0.6384913040092215,8.791351060004672,5.0,0.04986704837892827,True,3003,21,1391,3348,cuda,torch.complex128,MinTime/GPUBaseline/numpy__THR__0.05/run_17
2026-09-03T04:45:36Z,0.05,numpy,18,12345,8.356719495001016,8.357095076004043,0.6384913040092215,8.995586380013265,5.0,0.049684248562532514,True,3078,21,1391,3348,cuda,torch.complex128,MinTime/GPUBaseline/numpy__THR__0.05/run_18
2026-09-03T04:45:48Z,0.05,numpy,19,12345,11.455150095018325,11.455533444997855,0.6384913040092215,12.094024749007076,6.0,0.04996823382236082,True,4182,21,1391,3348,cuda,torch.complex128,MinTime/GPUBaseline/numpy__THR__0.05/run_19
2026-09-03T04:45:57Z,0.05,numpy,20,12345,8.164862016012194,8.165211431012722,0.6384913040092215,8.803702735021943,5.0,0.04925701961418969,True,3007,21,1391,3348,cuda,torch.complex128,MinTime/GPUBaseline/numpy__THR__0.05/run_20
2026-09-03T04:46:03Z,0.05,solve,1,12345,4.965810606983723,4.966145939979469,0.6384913040092215,5.604637243988691,5.0,0.04933871235483948,True,3002,21,1391,3348,cuda,torch.complex128,MinTime/GPUBaseline/solve__THR__0.05/run_1
2026-09-03T04:46:08Z,0.05,solve,2,12345,5.000621751998551,5.000955386989517,0.6384913040092215,5.639446690998739,5.0,0.04998971918804901,True,3024,21,1391,3348,cuda,torch.complex128,MinTime/GPUBaseline/solve__THR__0.05/run_2
2026-09-03T04:46:14Z,0.05,solve,3,12345,5.084284089010907,5.084638250002172,0.6384913040092215,5.723129554011393,5.0,0.04970050547649624,True,3067,21,1391,3348,cuda,torch.complex128,MinTime/GPUBaseline/solve__THR__0.05/run_3
2026-09-03T04:46:19Z,0.05,solve,4,12345,4.988063238008181,4.988408403005451,0.6384913040092215,5.6268997070146725,5.0,0.04965031377676366,True,3014,21,1391,3348,cuda,torch.complex128,MinTime/GPUBaseline/solve__THR__0.05/run_4
2026-09-03T04:46:25Z,0.05,solve,5,12345,5.835945997008821,5.836351841018768,0.6384913040092215,6.4748431450279895,5.0,0.04925394688232587,True,3503,21,1391,3348,cuda,torch.complex128,MinTime/GPUBaseline/solve__THR__0.05/run_5
2026-09-03T04:46:31Z,0.05,solve,6,12345,5.043894013011595,5.044159009004943,0.6384913040092215,5.682650313014165,5.0,0.04987177739186355,True,3044,21,1391,3348,cuda,torch.complex128,MinTime/GPUBaseline/solve__THR__0.05/run_6
2026-09-03T04:46:36Z,0.05,solve,7,12345,5.068165773001965,5.068529261014191,0.6384913040092215,5.707020565023413,5.0,0.04975612278014253,True,3056,21,1391,3348,cuda,torch.complex128,MinTime/GPUBaseline/solve__THR__0.05/run_7
2026-09-03T04:46:43Z,0.05,solve,8,12345,5.736463234003168,5.736807685985696,0.6384913040092215,6.375298989994917,5.0,0.04983789207815846,True,3447,21,1391,3348,cuda,torch.complex128,MinTime/GPUBaseline/solve__THR__0.05/run_8
2026-09-03T04:46:51Z,0.05,solve,9,12345,7.604681274999166,7.604980890988372,0.6384913040092215,8.243472194997594,7.0,0.04949855152453102,True,4502,21,1391,3348,cuda,torch.complex128,MinTime/GPUBaseline/solve__THR__0.05/run_9
2026-09-03T04:46:57Z,0.05,solve,10,12345,6.190946655988228,6.191375308990246,0.6384913040092215,6.829866612999467,5.0,0.04941998549316086,True,3707,21,1391,3348,cuda,torch.complex128,MinTime/GPUBaseline/solve__THR__0.05/run_10
2026-09-03T04:47:03Z,0.05,solve,11,12345,4.989584088005358,4.989921355008846,0.6384913040092215,5.628412659018068,5.0,0.04959256880415113,True,3014,21,1391,3348,cuda,torch.complex128,MinTime/GPUBaseline/solve__THR__0.05/run_11
2026-09-03T04:47:10Z,0.05,solve,12,12345,6.284126876998926,6.28442161399289,0.6384913040092215,6.922912918002112,6.0,0.04961725133415507,True,3760,21,1391,3348,cuda,torch.complex128,MinTime/GPUBaseline/solve__THR__0.05/run_12
2026-09-03T04:47:16Z,0.05,solve,13,12345,6.270541874022456,6.270834756025579,0.6384913040092215,6.9093260600348,6.0,0.04964866811735366,True,3752,21,1391,3348,cuda,torch.complex128,MinTime/GPUBaseline/solve__THR__0.05/run_13
2026-09-03T04:47:22Z,0.05,solve,14,12345,4.976341310015414,4.976675792015158,0.6384913040092215,5.615167096024379,5.0,0.04896215114959578,True,3006,21,1391,3348,cuda,torch.complex128,MinTime/GPUBaseline/solve__THR__0.05/run_14
2026-09-03T04:47:28Z,0.05,solve,15,12345,6.054789854999399,6.055200147005962,0.6384913040092215,6.693691451015184,5.0,0.049062134450472666,True,3624,21,1391,3348,cuda,torch.complex128,MinTime/GPUBaseline/solve__THR__0.05/run_15
2026-09-03T04:47:34Z,0.05,solve,16,12345,5.330966339010047,5.331325489998562,0.6384913040092215,5.969816794007784,5.0,0.049461310666673364,True,3208,21,1391,3348,cuda,torch.complex128,MinTime/GPUBaseline/solve__THR__0.05/run_16
2026-09-03T04:47:39Z,0.05,solve,17,12345,4.974210669024615,4.9745443380088545,0.6384913040092215,5.613035642018076,5.0,0.04986704837892827,True,3003,21,1391,3348,cuda,torch.complex128,MinTime/GPUBaseline/solve__THR__0.05/run_17
2026-09-03T04:47:45Z,0.05,solve,18,12345,5.104065977997379,5.104407856008038,0.6384913040092215,5.742899160017259,5.0,0.049684248562532514,True,3078,21,1391,3348,cuda,torch.complex128,MinTime/GPUBaseline/solve__THR__0.05/run_18
2026-09-03T04:47:53Z,0.05,solve,19,12345,7.034632188995602,7.0350098320050165,0.6384913040092215,7.673501136014238,6.0,0.04996823382236082,True,4182,21,1391,3348,cuda,torch.complex128,MinTime/GPUBaseline/solve__THR__0.05/run_19
2026-09-03T04:47:58Z,0.05,solve,20,12345,4.983136729017133,4.983471503015608,0.6384913040092215,5.621962807024829,5.0,0.04925701961418969,True,3007,21,1391,3348,cuda,torch.complex128,MinTime/GPUBaseline/solve__THR__0.05/run_20
2026-09-03T04:48:01Z,0.05,sm,1,12345,2.141270715976134,2.141599569004029,0.6384913040092215,2.7800908730132505,5.0,0.049338712354839484,True,3002,21,1391,3348,cuda,torch.complex128,MinTime/GPUBaseline/sm__THR__0.05/run_1
2026-09-03T04:48:03Z,0.05,sm,2,12345,2.1676835670077708,2.168042756005889,0.6384913040092215,2.8065340600151103,5.0,0.04998971918804901,True,3024,21,1391,3348,cuda,torch.complex128,MinTime/GPUBaseline/sm__THR__0.05/run_2
2026-09-03T04:48:06Z,0.05,sm,3,12345,2.219836354983272,2.220191825006623,0.6384913040092215,2.8586831290158443,5.0,0.049700505476496244,True,3067,21,1391,3348,cuda,torch.complex128,MinTime/GPUBaseline/sm__THR__0.05/run_3
2026-09-03T04:48:09Z,0.05,sm,4,12345,2.1552905869903043,2.155626908002887,0.6384913040092215,2.7941182120121084,5.0,0.049650313776763676,True,3014,21,1391,3348,cuda,torch.complex128,MinTime/GPUBaseline/sm__THR__0.05/run_4
2026-09-03T04:48:12Z,0.05,sm,5,12345,2.737795343011385,2.738198431005003,0.6384913040092215,3.3766897350142244,5.0,0.049253946882325865,True,3503,21,1391,3348,cuda,torch.complex128,MinTime/GPUBaseline/sm__THR__0.05/run_5
2026-09-03T04:48:14Z,0.05,sm,6,12345,2.191645166982198,2.192001432995312,0.6384913040092215,2.8304927370045334,5.0,0.04987177739186354,True,3044,21,1391,3348,cuda,torch.complex128,MinTime/GPUBaseline/sm__THR__0.05/run_6
2026-09-03T04:48:17Z,0.05,sm,7,12345,2.214654864015756,2.2149654219974764,0.6384913040092215,2.853456726006698,5.0,0.04975612278014255,True,3056,21,1391,3348,cuda,torch.complex128,MinTime/GPUBaseline/sm__THR__0.05/run_7
2026-09-03T04:48:20Z,0.05,sm,8,12345,2.6580428890010808,2.6584447039931547,0.6384913040092215,3.296936008002376,5.0,0.04983789207815847,True,3447,21,1391,3348,cuda,torch.complex128,MinTime/GPUBaseline/sm__THR__0.05/run_8
2026-09-03T04:48:25Z,0.05,sm,9,12345,4.093987556989305,4.094279384997208,0.6384913040092215,4.732770689006429,7.0,0.04949855152453102,True,4502,21,1391,3348,cuda,torch.complex128,MinTime/GPUBaseline/sm__THR__0.05/run_9
2026-09-03T04:48:28Z,0.05,sm,10,12345,2.985779481008649,2.986161004024325,0.6384913040092215,3.6246523080335464,5.0,0.04941998549316084,True,3707,21,1391,3348,cuda,torch.complex128,MinTime/GPUBaseline/sm__THR__0.05/run_10
2026-09-03T04:48:31Z,0.05,sm,11,12345,2.155063156998949,2.155405928991968,0.6384913040092215,2.7938972330011893,5.0,0.049592568804151145,True,3014,21,1391,3348,cuda,torch.complex128,MinTime/GPUBaseline/sm__THR__0.05/run_11
2026-09-03T04:48:35Z,0.05,sm,12,12345,3.052259124990087,3.0525625759910326,0.6384913040092215,3.691053880000254,6.0,0.04961725133415508,True,3760,21,1391,3348,cuda,torch.complex128,MinTime/GPUBaseline/sm__THR__0.05/run_12
2026-09-03T04:48:38Z,0.05,sm,13,12345,3.0372849709820002,3.0376047329918947,0.6384913040092215,3.676096037001116,6.0,0.04964866811735364,True,3752,21,1391,3348,cuda,torch.complex128,MinTime/GPUBaseline/sm__THR__0.05/run_13
2026-09-03T04:48:41Z,0.05,sm,14,12345,2.142518103995826,2.142862453009002,0.6384913040092215,2.7813537570182234,5.0,0.048962151149595776,True,3006,21,1391,3348,cuda,torch.complex128,MinTime/GPUBaseline/sm__THR__0.05/run_14
2026-09-03T04:48:44Z,0.05,sm,15,12345,2.888592625007732,2.8889990620082244,0.6384913040092215,3.527490366017446,5.0,0.04906213445047265,True,3624,21,1391,3348,cuda,torch.complex128,MinTime/GPUBaseline/sm__THR__0.05/run_15
2026-09-03T04:48:47Z,0.05,sm,16,12345,2.389615327992942,2.3899767919792794,0.6384913040092215,3.028468095988501,5.0,0.04946131066667336,True,3208,21,1391,3348,cuda,torch.complex128,MinTime/GPUBaseline/sm__THR__0.05/run_16
2026-09-03T04:48:50Z,0.05,sm,17,12345,2.142193375999341,2.142530037002871,0.6384913040092215,2.7810213410120923,5.0,0.04986704837892827,True,3003,21,1391,3348,cuda,torch.complex128,MinTime/GPUBaseline/sm__THR__0.05/run_17
2026-09-03T04:48:52Z,0.05,sm,18,12345,2.223177179985214,2.2235379199846648,0.6384913040092215,2.8620292239938863,5.0,0.049684248562532535,True,3078,21,1391,3348,cuda,torch.complex128,MinTime/GPUBaseline/sm__THR__0.05/run_18
2026-09-03T04:48:56Z,0.05,sm,19,12345,3.629005930008134,3.629368020017864,0.6384913040092215,4.267859324027086,6.0,0.04996823382236082,True,4182,21,1391,3348,cuda,torch.complex128,MinTime/GPUBaseline/sm__THR__0.05/run_19
2026-09-03T04:48:59Z,0.05,sm,20,12345,2.1527433790033683,2.1530733370163944,0.6384913040092215,2.791564641025616,5.0,0.04925701961418969,True,3007,21,1391,3348,cuda,torch.complex128,MinTime/GPUBaseline/sm__THR__0.05/run_20
2026-09-03T04:49:14Z,0.05,iterative,1,12345,14.544242276984733,14.544660649000434,0.6384913040092215,15.183151953009656,5.0,0.04956325641982149,True,3436,21,1391,3348,cuda,torch.complex128,MinTime/GPUBaseline/iterative__THR__0.05/run_1
2026-09-03T04:49:27Z,0.05,iterative,2,12345,12.663256879983237,12.663598746003117,0.6384913040092215,13.302090050012339,5.0,0.049981270102536446,True,3004,21,1391,3348,cuda,torch.complex128,MinTime/GPUBaseline/iterative__THR__0.05/run_2
2026-09-03T04:49:40Z,0.05,iterative,3,12345,12.988347249018261,12.988754054997116,0.6384913040092215,13.627245359006338,5.0,0.04881571874491981,True,3067,21,1391,3348,cuda,torch.complex128,MinTime/GPUBaseline/iterative__THR__0.05/run_3
2026-09-03T04:49:55Z,0.05,iterative,4,12345,13.884531974996207,13.884966688987333,0.6384913040092215,14.523457992996555,5.0,0.04956592686313988,True,3316,21,1391,3348,cuda,torch.complex128,MinTime/GPUBaseline/iterative__THR__0.05/run_4
2026-09-03T04:50:09Z,0.05,iterative,5,12345,14.034412631997839,14.034876035992056,0.6384913040092215,14.673367340001278,5.0,0.049648956420987087,True,3328,21,1391,3348,cuda,torch.complex128,MinTime/GPUBaseline/iterative__THR__0.05/run_5
2026-09-03T04:50:23Z,0.05,iterative,6,12345,12.882827283989172,12.883219045004807,0.6384913040092215,13.521710349014029,5.0,0.049974087680964306,True,3049,21,1391,3348,cuda,torch.complex128,MinTime/GPUBaseline/iterative__THR__0.05/run_6
2026-09-03T04:50:37Z,0.05,iterative,7,12345,13.48830242198892,13.48871707500075,0.6384913040092215,14.127208379009971,5.0,0.04822613076084243,True,3185,21,1391,3348,cuda,torch.complex128,MinTime/GPUBaseline/iterative__THR__0.05/run_7
2026-09-03T04:50:53Z,0.05,iterative,8,12345,15.740647946979152,15.741077079990646,0.6384913040092215,16.379568383999867,5.0,0.04947953919855084,True,3723,21,1391,3348,cuda,torch.complex128,MinTime/GPUBaseline/iterative__THR__0.05/run_8
2026-09-03T04:51:09Z,0.05,iterative,9,12345,15.863272605987731,15.863582035992295,0.6384913040092215,16.502073340001516,6.0,0.04893955340626055,True,3753,21,1391,3348,cuda,torch.complex128,MinTime/GPUBaseline/iterative__THR__0.05/run_9
2026-09-03T04:51:26Z,0.05,iterative,10,12345,15.861134336009854,15.861481497006025,0.6384913040092215,16.499972801015247,6.0,0.04915660307673541,True,3762,21,1391,3348,cuda,torch.complex128,MinTime/GPUBaseline/iterative__THR__0.05/run_10
2026-09-03T04:51:40Z,0.05,iterative,11,12345,13.61148282099748,13.611904491001042,0.6384913040092215,14.250395795010263,5.0,0.04975736810222366,True,3222,21,1391,3348,cuda,torch.complex128,MinTime/GPUBaseline/iterative__THR__0.05/run_11
2026-09-03T04:51:56Z,0.05,iterative,12,12345,16.0349301440001,16.035275114001706,0.6384913040092215,16.673766418010928,6.0,0.049188440417409954,True,3783,21,1391,3348,cuda,torch.complex128,MinTime/GPUBaseline/iterative__THR__0.05/run_12
2026-09-03T04:52:09Z,0.05,iterative,13,12345,12.66809032400488,12.668464854999911,0.6384913040092215,13.306956159009133,5.0,0.04853532678815535,True,3008,21,1391,3348,cuda,torch.complex128,MinTime/GPUBaseline/iterative__THR__0.05/run_13
2026-09-03T04:52:22Z,0.05,iterative,14,12345,12.670614884991664,12.671010289981496,0.6384913040092215,13.309501593990717,5.0,0.048739037841448875,True,3006,21,1391,3348,cuda,torch.complex128,MinTime/GPUBaseline/iterative__THR__0.05/run_14
2026-09-03T04:52:37Z,0.05,iterative,15,12345,13.696377810003469,13.696861506992718,0.6384913040092215,14.33535281100194,5.0,0.0497793263194837,True,3230,21,1391,3348,cuda,torch.complex128,MinTime/GPUBaseline/iterative__THR__0.05/run_15
2026-09-03T04:52:50Z,0.05,iterative,16,12345,12.938098038022872,12.938491279026493,0.6384913040092215,13.576982583035715,5.0,0.04846480368315503,True,3066,21,1391,3348,cuda,torch.complex128,MinTime/GPUBaseline/iterative__THR__0.05/run_16
2026-09-03T04:53:03Z,0.05,iterative,17,12345,12.739511224994203,12.739882454974577,0.6384913040092215,13.378373758983798,5.0,0.04884462981191133,True,3016,21,1391,3348,cuda,torch.complex128,MinTime/GPUBaseline/iterative__THR__0.05/run_17
2026-09-03T04:53:19Z,0.05,iterative,18,12345,15.217223555984674,15.217837012984091,0.6384913040092215,15.856328316993313,5.0,0.048844795977190616,True,3612,21,1391,3348,cuda,torch.complex128,MinTime/GPUBaseline/iterative__THR__0.05/run_18
2026-09-03T04:53:36Z,0.05,iterative,19,12345,16.1220233310014,16.122385081020184,0.6384913040092215,16.760876385029405,6.0,0.04902000902425319,True,3825,21,1391,3348,cuda,torch.complex128,MinTime/GPUBaseline/iterative__THR__0.05/run_19
2026-09-03T04:53:49Z,0.05,iterative,20,12345,13.216830246994505,13.217219431011472,0.6384913040092215,13.855710735020693,5.0,0.04995107474181945,True,3141,21,1391,3348,cuda,torch.complex128,MinTime/GPUBaseline/iterative__THR__0.05/run_20
2026-09-03T04:54:01Z,0.045,numpy,1,12345,11.30376301999786,11.304149239993421,0.6384913040092215,11.942640544002643,6.0,0.04436415085844034,True,4130,21,1391,3348,cuda,torch.complex128,MinTime/GPUBaseline/numpy__THR__0.045/run_1
2026-09-03T04:54:13Z,0.045,numpy,2,12345,10.956595576979453,10.956969455990475,0.6384913040092215,11.595460759999696,6.0,0.04441081733479833,True,4008,21,1391,3348,cuda,torch.complex128,MinTime/GPUBaseline/numpy__THR__0.045/run_2
2026-09-03T04:54:25Z,0.045,numpy,3,12345,12.43024308999884,12.430560957989655,0.6384913040092215,13.069052261998877,7.0,0.044675786271371795,True,4504,21,1391,3348,cuda,torch.complex128,MinTime/GPUBaseline/numpy__THR__0.045/run_3
2026-09-03T04:54:38Z,0.045,numpy,4,12345,12.560863085003803,12.561177256022347,0.6384913040092215,13.199668560031569,7.0,0.044960911539718755,True,4571,21,1391,3348,cuda,torch.complex128,MinTime/GPUBaseline/numpy__THR__0.045/run_4
2026-09-03T04:54:52Z,0.045,numpy,5,12345,12.809220173978247,12.809576212981483,0.6384913040092215,13.448067516990704,7.0,0.04479232653623232,True,4657,21,1391,3348,cuda,torch.complex128,MinTime/GPUBaseline/numpy__THR__0.045/run_5
2026-09-03T04:55:05Z,0.045,numpy,6,12345,12.426474253006745,12.426795057021081,0.6384913040092215,13.065286361030303,7.0,0.044821535773876625,True,4523,21,1391,3348,cuda,torch.complex128,MinTime/GPUBaseline/numpy__THR__0.045/run_6
2026-09-03T04:55:18Z,0.045,numpy,7,12345,12.406861547002336,12.40718701199512,0.6384913040092215,13.045678316004341,7.0,0.04460078832359769,True,4512,21,1391,3348,cuda,torch.complex128,MinTime/GPUBaseline/numpy__THR__0.045/run_7
2026-09-03T04:55:31Z,0.045,numpy,8,12345,12.446219940989977,12.44654437500867,0.6384913040092215,13.085035679017892,7.0,0.044645556932919696,True,4533,21,1391,3348,cuda,torch.complex128,MinTime/GPUBaseline/numpy__THR__0.045/run_8
2026-09-03T04:55:46Z,0.045,numpy,9,12345,15.090131652978016,15.090485928987619,0.6384913040092215,15.72897723299684,8.0,0.04499335411893018,True,5452,21,1391,3348,cuda,torch.complex128,MinTime/GPUBaseline/numpy__THR__0.045/run_9
2026-09-03T04:55:59Z,0.045,numpy,10,12345,12.69270284398226,12.69310260299244,0.6384913040092215,13.331593907001661,7.0,0.04484851825770412,True,4620,21,1391,3348,cuda,torch.complex128,MinTime/GPUBaseline/numpy__THR__0.045/run_10
2026-09-03T04:56:12Z,0.045,numpy,11,12345,12.508241363015259,12.508584699011408,0.6384913040092215,13.14707600302063,7.0,0.04381882845224482,True,4557,21,1391,3348,cuda,torch.complex128,MinTime/GPUBaseline/numpy__THR__0.045/run_11
2026-09-03T04:56:27Z,0.045,numpy,12,12345,13.97668876501848,13.977244816021994,0.6384913040092215,14.615736120031215,7.0,0.04461988422192692,True,5068,21,1391,3348,cuda,torch.complex128,MinTime/GPUBaseline/numpy__THR__0.045/run_12
2026-09-03T04:56:42Z,0.045,numpy,13,12345,14.648951367009431,14.64928059099475,0.6384913040092215,15.28777189500397,8.0,0.04482980058302069,True,5306,21,1391,3348,cuda,torch.complex128,MinTime/GPUBaseline/numpy__THR__0.045/run_13
2026-09-03T04:56:54Z,0.045,numpy,14,12345,11.435437399020884,11.43581511999946,0.6384913040092215,12.074306424008682,6.0,0.04466542184232716,True,4175,21,1391,3348,cuda,torch.complex128,MinTime/GPUBaseline/numpy__THR__0.045/run_14
2026-09-03T04:57:08Z,0.045,numpy,15,12345,13.81117312097922,13.811704263993306,0.6384913040092215,14.450195568002528,7.0,0.04458956152273399,True,5008,21,1391,3348,cuda,torch.complex128,MinTime/GPUBaseline/numpy__THR__0.045/run_15
2026-09-03T04:57:21Z,0.045,numpy,16,12345,12.361578537005698,12.361881043005269,0.6384913040092215,13.00037234701449,7.0,0.04454236020270986,True,4501,21,1391,3348,cuda,torch.complex128,MinTime/GPUBaseline/numpy__THR__0.045/run_16
2026-09-03T04:57:32Z,0.045,numpy,17,12345,10.689937079994706,10.690283889009152,0.6384913040092215,11.328775193018373,6.0,0.044619521708049364,True,3911,21,1391,3348,cuda,torch.complex128,MinTime/GPUBaseline/numpy__THR__0.045/run_17
2026-09-03T04:57:45Z,0.045,numpy,18,12345,12.437785432994133,12.438107972004218,0.6384913040092215,13.07659927601344,7.0,0.04476503604227665,True,4530,21,1391,3348,cuda,torch.complex128,MinTime/GPUBaseline/numpy__THR__0.045/run_18
2026-09-03T04:58:02Z,0.045,numpy,19,12345,16.949522629991407,16.949880214990117,0.6384913040092215,17.588371518999338,9.0,0.04492164823912247,True,6097,21,1391,3348,cuda,torch.complex128,MinTime/GPUBaseline/numpy__THR__0.045/run_19
2026-09-03T04:58:15Z,0.045,numpy,20,12345,12.383076201018412,12.38337839601445,0.6384913040092215,13.021869700023672,7.0,0.044803544901384135,True,4508,21,1391,3348,cuda,torch.complex128,MinTime/GPUBaseline/numpy__THR__0.045/run_20
2026-09-03T04:58:23Z,0.045,solve,1,12345,6.973009306006134,6.973375729023246,0.6384913040092215,7.611867033032468,6.0,0.04436415085844034,True,4130,21,1391,3348,cuda,torch.complex128,MinTime/GPUBaseline/solve__THR__0.045/run_1
2026-09-03T04:58:30Z,0.045,solve,2,12345,6.734184572997037,6.734527195018018,0.6384913040092215,7.373018499027239,6.0,0.04441081733479833,True,4008,21,1391,3348,cuda,torch.complex128,MinTime/GPUBaseline/solve__THR__0.045/run_2
2026-09-03T04:58:38Z,0.045,solve,3,12345,7.633826973004034,7.634194654005114,0.6384913040092215,8.272685958014335,7.0,0.044675786271371795,True,4504,21,1391,3348,cuda,torch.complex128,MinTime/GPUBaseline/solve__THR__0.045/run_3
2026-09-03T04:58:46Z,0.045,solve,4,12345,7.726924848015187,7.727255164994858,0.6384913040092215,8.36574646900408,7.0,0.044960911539718755,True,4571,21,1391,3348,cuda,torch.complex128,MinTime/GPUBaseline/solve__THR__0.045/run_4
2026-09-03T04:58:55Z,0.045,solve,5,12345,7.881459373980761,7.881838650995633,0.6384913040092215,8.520329955004854,7.0,0.04479232653623232,True,4657,21,1391,3348,cuda,torch.complex128,MinTime/GPUBaseline/solve__THR__0.045/run_5
2026-09-03T04:59:03Z,0.045,solve,6,12345,7.649583318008808,7.6499015869922005,0.6384913040092215,8.288392891001422,7.0,0.044821535773876625,True,4523,21,1391,3348,cuda,torch.complex128,MinTime/GPUBaseline/solve__THR__0.045/run_6
2026-09-03T04:59:11Z,0.045,solve,7,12345,7.634911670000292,7.635230163985398,0.6384913040092215,8.27372146799462,7.0,0.04460078832359769,True,4512,21,1391,3348,cuda,torch.complex128,MinTime/GPUBaseline/solve__THR__0.045/run_7
2026-09-03T04:59:19Z,0.045,solve,8,12345,7.657470633974299,7.657790206983918,0.6384913040092215,8.29628151099314,7.0,0.044645556932919696,True,4533,21,1391,3348,cuda,torch.complex128,MinTime/GPUBaseline/solve__THR__0.045/run_8
2026-09-03T04:59:29Z,0.045,solve,9,12345,9.331844770989846,9.33218786600628,0.6384913040092215,9.9706791700155,8.0,0.04499335411893018,True,5452,21,1391,3348,cuda,torch.complex128,MinTime/GPUBaseline/solve__THR__0.045/run_9
2026-09-03T04:59:37Z,0.045,solve,10,12345,7.812230295006884,7.812556208024034,0.6384913040092215,8.451047512033256,7.0,0.04484851825770412,True,4620,21,1391,3348,cuda,torch.complex128,MinTime/GPUBaseline/solve__THR__0.045/run_10
2026-09-03T04:59:46Z,0.045,solve,11,12345,7.696277740993537,7.696597172005568,0.6384913040092215,8.33508847601479,7.0,0.04381882845224482,True,4557,21,1391,3348,cuda,torch.complex128,MinTime/GPUBaseline/solve__THR__0.045/run_11
2026-09-03T04:59:55Z,0.045,solve,12,12345,8.598630861000856,8.598994572996162,0.6384913040092215,9.237485877005383,7.0,0.04461988422192692,True,5068,21,1391,3348,cuda,torch.complex128,MinTime/GPUBaseline/solve__THR__0.045/run_12
2026-09-03T05:00:04Z,0.045,solve,13,12345,9.046543392993044,9.046833019994665,0.6384913040092215,9.685324324003886,8.0,0.04482980058302069,True,5306,21,1391,3348,cuda,torch.complex128,MinTime/GPUBaseline/solve__THR__0.045/run_13
2026-09-03T05:00:12Z,0.045,solve,14,12345,7.023652894975385,7.024572775000706,0.6384913040092215,7.663064079009928,6.0,0.04466542184232716,True,4175,21,1391,3348,cuda,torch.complex128,MinTime/GPUBaseline/solve__THR__0.045/run_14
2026-09-03T05:00:21Z,0.045,solve,15,12345,8.526352821994806,8.526722578011686,0.6384913040092215,9.165213882020907,7.0,0.04458956152273399,True,5008,21,1391,3348,cuda,torch.complex128,MinTime/GPUBaseline/solve__THR__0.045/run_15
2026-09-03T05:00:29Z,0.045,solve,16,12345,7.608386923006037,7.608745340025052,0.6384913040092215,8.247236644034274,7.0,0.04454236020270986,True,4501,21,1391,3348,cuda,torch.complex128,MinTime/GPUBaseline/solve__THR__0.045/run_16
2026-09-03T05:00:36Z,0.045,solve,17,12345,6.562395215994911,6.562685210985364,0.6384913040092215,7.201176514994586,6.0,0.044619521708049364,True,3911,21,1391,3348,cuda,torch.complex128,MinTime/GPUBaseline/solve__THR__0.045/run_17
2026-09-03T05:00:44Z,0.045,solve,18,12345,7.645958817010978,7.6462682880228385,0.6384913040092215,8.28475959203206,7.0,0.04476503604227665,True,4530,21,1391,3348,cuda,torch.complex128,MinTime/GPUBaseline/solve__THR__0.045/run_18
2026-09-03T05:00:55Z,0.045,solve,19,12345,10.54451936899568,10.544854286010377,0.6384913040092215,11.183345590019599,9.0,0.04492164823912247,True,6097,21,1391,3348,cuda,torch.complex128,MinTime/GPUBaseline/solve__THR__0.045/run_19
2026-09-03T05:01:03Z,0.045,solve,20,12345,7.6506307249946985,7.6509384810051415,0.6384913040092215,8.289429785014363,7.0,0.044803544901384135,True,4508,21,1391,3348,cuda,torch.complex128,MinTime/GPUBaseline/solve__THR__0.045/run_20
2026-09-03T05:01:07Z,0.045,sm,1,12345,3.5904820690047927,3.5908040850190446,0.6384913040092215,4.229295389028266,6.0,0.044364150858440324,True,4130,21,1391,3348,cuda,torch.complex128,MinTime/GPUBaseline/sm__THR__0.045/run_1
2026-09-03T05:01:11Z,0.045,sm,2,12345,3.418919219984673,3.4192907719989307,0.6384913040092215,4.057782076008152,6.0,0.04441081733479832,True,4008,21,1391,3348,cuda,torch.complex128,MinTime/GPUBaseline/sm__THR__0.045/run_2
2026-09-03T05:01:16Z,0.045,sm,3,12345,4.128994688013336,4.129306649992941,0.6384913040092215,4.767797954002162,7.0,0.0446757862713718,True,4504,21,1391,3348,cuda,torch.complex128,MinTime/GPUBaseline/sm__THR__0.045/run_3
2026-09-03T05:01:20Z,0.045,sm,4,12345,4.235117447009543,4.235389649024,0.6384913040092215,4.873880953033222,7.0,0.04496091153971875,True,4571,21,1391,3348,cuda,torch.complex128,MinTime/GPUBaseline/sm__THR__0.045/run_4
2026-09-03T05:01:25Z,0.045,sm,5,12345,4.360663940984523,4.360890796000604,0.6384913040092215,4.999382100009825,7.0,0.044792326536232316,True,4657,21,1391,3348,cuda,torch.complex128,MinTime/GPUBaseline/sm__THR__0.045/run_5
2026-09-03T05:01:30Z,0.045,sm,6,12345,4.155659309995826,4.1558958899986465,0.6384913040092215,4.794387194007868,7.0,0.04482153577387664,True,4523,21,1391,3348,cuda,torch.complex128,MinTime/GPUBaseline/sm__THR__0.045/run_6
2026-09-03T05:01:34Z,0.045,sm,7,12345,4.153212871984579,4.153521995991468,0.6384913040092215,4.79201330000069,7.0,0.044600788323597686,True,4512,21,1391,3348,cuda,torch.complex128,MinTime/GPUBaseline/sm__THR__0.045/run_7
2026-09-03T05:01:39Z,0.045,sm,8,12345,4.170037062984193,4.170404428994516,0.6384913040092215,4.808895733003737,7.0,0.044645556932919696,True,4533,21,1391,3348,cuda,torch.complex128,MinTime/GPUBaseline/sm__THR__0.045/run_8
2026-09-03T05:01:45Z,0.045,sm,9,12345,5.677178935002303,5.677559155010385,0.6384913040092215,6.316050459019607,8.0,0.04499335411893019,True,5452,21,1391,3348,cuda,torch.complex128,MinTime/GPUBaseline/sm__THR__0.045/run_9
2026-09-03T05:01:50Z,0.045,sm,10,12345,4.298607242992148,4.2990256419871,0.6384913040092215,4.937516945996322,7.0,0.04484851825770411,True,4620,21,1391,3348,cuda,torch.complex128,MinTime/GPUBaseline/sm__THR__0.045/run_10
2026-09-03T05:01:55Z,0.045,sm,11,12345,4.208946013008244,4.209272345993668,0.6384913040092215,4.847763650002889,7.0,0.043818828452244815,True,4557,21,1391,3348,cuda,torch.complex128,MinTime/GPUBaseline/sm__THR__0.045/run_11
2026-09-03T05:02:00Z,0.045,sm,12,12345,5.024349855986657,5.024871086992789,0.6384913040092215,5.6633623910020106,7.0,0.04461988422192693,True,5068,21,1391,3348,cuda,torch.complex128,MinTime/GPUBaseline/sm__THR__0.045/run_12
2026-09-03T05:02:06Z,0.045,sm,13,12345,5.418115469015902,5.418445129995234,0.6384913040092215,6.056936434004456,8.0,0.04482980058302066,True,5306,21,1391,3348,cuda,torch.complex128,MinTime/GPUBaseline/sm__THR__0.045/run_13
2026-09-03T05:02:10Z,0.045,sm,14,12345,3.667419236007845,3.667823727999348,0.6384913040092215,4.30631503200857,6.0,0.04466542184232715,True,4175,21,1391,3348,cuda,torch.complex128,MinTime/GPUBaseline/sm__THR__0.045/run_14
2026-09-03T05:02:16Z,0.045,sm,15,12345,4.932765283010667,4.9330845340155065,0.6384913040092215,5.571575838024728,7.0,0.04458956152273399,True,5008,21,1391,3348,cuda,torch.complex128,MinTime/GPUBaseline/sm__THR__0.045/run_15
2026-09-03T05:02:20Z,0.045,sm,16,12345,4.125776469008997,4.126106006006012,0.6384913040092215,4.764597310015233,7.0,0.04454236020270986,True,4501,21,1391,3348,cuda,torch.complex128,MinTime/GPUBaseline/sm__THR__0.045/run_16
2026-09-03T05:02:24Z,0.045,sm,17,12345,3.300060123001458,3.300366159004625,0.6384913040092215,3.9388574630138464,6.0,0.04461952170804936,True,3911,21,1391,3348,cuda,torch.complex128,MinTime/GPUBaseline/sm__THR__0.045/run_17
2026-09-03T05:02:29Z,0.045,sm,18,12345,4.164620037015993,4.164981541020097,0.6384913040092215,4.803472845029319,7.0,0.044765036042276656,True,4530,21,1391,3348,cuda,torch.complex128,MinTime/GPUBaseline/sm__THR__0.045/run_18
2026-09-03T05:02:36Z,0.045,sm,19,12345,6.83884709700942,6.839172706997488,0.6384913040092215,7.477664011006709,9.0,0.0449216482391225,True,6097,21,1391,3348,cuda,torch.complex128,MinTime/GPUBaseline/sm__THR__0.045/run_19
2026-09-03T05:02:41Z,0.045,sm,20,12345,4.119254443998216,4.119558343023527,0.6384913040092215,4.758049647032749,7.0,0.04480354490138411,True,4508,21,1391,3348,cuda,torch.complex128,MinTime/GPUBaseline/sm__THR__0.045/run_20
2026-09-03T05:03:02Z,0.045,iterative,1,12345,21.091987402003724,21.092363339994336,0.6384913040092215,21.730854644003557,7.0,0.0449606437665342,True,4901,21,1391,3348,cuda,torch.complex128,MinTime/GPUBaseline/iterative__THR__0.045/run_1
2026-09-03T05:03:19Z,0.045,iterative,2,12345,16.007610890024807,16.00792715602438,0.6384913040092215,16.6464184600336,6.0,0.04487559033200988,True,3754,21,1391,3348,cuda,torch.complex128,MinTime/GPUBaseline/iterative__THR__0.045/run_2
2026-09-03T05:03:39Z,0.045,iterative,3,12345,19.37962949401117,19.379967293993104,0.6384913040092215,20.018458598002326,7.0,0.044763899956872785,True,4504,21,1391,3348,cuda,torch.complex128,MinTime/GPUBaseline/iterative__THR__0.045/run_3
2026-09-03T05:03:59Z,0.045,iterative,4,12345,20.244087514001876,20.24462985698483,0.6384913040092215,20.88312116099405,7.0,0.044446824282333305,True,4740,21,1391,3348,cuda,torch.complex128,MinTime/GPUBaseline/iterative__THR__0.045/run_4
2026-09-03T05:04:20Z,0.045,iterative,5,12345,19.961958948988467,19.962343510997016,0.6384913040092215,20.600834815006237,7.0,0.04458341740039067,True,4657,21,1391,3348,cuda,torch.complex128,MinTime/GPUBaseline/iterative__THR__0.045/run_5
2026-09-03T05:04:40Z,0.045,iterative,6,12345,19.457789992011385,19.45811519000563,0.6384913040092215,20.09660649401485,7.0,0.04436022863227201,True,4523,21,1391,3348,cuda,torch.complex128,MinTime/GPUBaseline/iterative__THR__0.045/run_6
2026-09-03T05:05:00Z,0.045,iterative,7,12345,19.41792136299773,19.418251997005427,0.6384913040092215,20.05674330101465,7.0,0.04458839974245171,True,4512,21,1391,3348,cuda,torch.complex128,MinTime/GPUBaseline/iterative__THR__0.045/run_7
2026-09-03T05:05:19Z,0.045,iterative,8,12345,19.375376777985366,19.37572770798579,0.6384913040092215,20.01421901199501,7.0,0.04499783109311089,True,4533,21,1391,3348,cuda,torch.complex128,MinTime/GPUBaseline/iterative__THR__0.045/run_8
2026-09-03T05:05:41Z,0.045,iterative,9,12345,20.93434976102435,20.934738545998698,0.6384913040092215,21.57322985000792,7.0,0.044768817599214326,True,4888,21,1391,3348,cuda,torch.complex128,MinTime/GPUBaseline/iterative__THR__0.045/run_9
2026-09-03T05:06:04Z,0.045,iterative,10,12345,22.5340452560049,22.534372213005554,0.6384913040092215,23.172863517014775,8.0,0.04496038959734833,True,5255,21,1391,3348,cuda,torch.complex128,MinTime/GPUBaseline/iterative__THR__0.045/run_10
2026-09-03T05:06:27Z,0.045,iterative,11,12345,22.845896443002857,22.84624161600368,0.6384913040092215,23.484732920012902,8.0,0.04455812594215728,True,5298,21,1391,3348,cuda,torch.complex128,MinTime/GPUBaseline/iterative__THR__0.045/run_11
2026-09-03T05:06:51Z,0.045,iterative,12,12345,23.162623536016326,23.16299632101436,0.6384913040092215,23.801487625023583,8.0,0.04497670681607423,True,5377,21,1391,3348,cuda,torch.complex128,MinTime/GPUBaseline/iterative__THR__0.045/run_12
2026-09-03T05:07:08Z,0.045,iterative,13,12345,16.697916132980026,16.69830176999676,0.6384913040092215,17.336793074005982,6.0,0.044973570774768774,True,3916,21,1391,3348,cuda,torch.complex128,MinTime/GPUBaseline/iterative__THR__0.045/run_13
2026-09-03T05:07:28Z,0.045,iterative,14,12345,19.627954230003525,19.628311312990263,0.6384913040092215,20.266802616999485,7.0,0.04495562759157406,True,4576,21,1391,3348,cuda,torch.complex128,MinTime/GPUBaseline/iterative__THR__0.045/run_14
2026-09-03T05:07:47Z,0.045,iterative,15,12345,18.196314354019705,18.196766901004594,0.6384913040092215,18.835258205013815,6.0,0.044994218722034365,True,4242,21,1391,3348,cuda,torch.complex128,MinTime/GPUBaseline/iterative__THR__0.045/run_15
2026-09-03T05:08:05Z,0.045,iterative,16,12345,17.386327193002217,17.386806519993115,0.6384913040092215,18.025297824002337,6.0,0.04482586093330271,True,4065,21,1391,3348,cuda,torch.complex128,MinTime/GPUBaseline/iterative__THR__0.045/run_16
2026-09-03T05:08:25Z,0.045,iterative,17,12345,20.03931387400371,20.03968563498347,0.6384913040092215,20.678176938992692,7.0,0.04446895578955551,True,4658,21,1391,3348,cuda,torch.complex128,MinTime/GPUBaseline/iterative__THR__0.045/run_17
2026-09-03T05:08:45Z,0.045,iterative,18,12345,19.412920989998383,19.413279389002128,0.6384913040092215,20.05177069301135,7.0,0.04482291330159245,True,4555,21,1391,3348,cuda,torch.complex128,MinTime/GPUBaseline/iterative__THR__0.045/run_18
2026-09-03T05:09:10Z,0.045,iterative,19,12345,24.421247368998593,24.421656935010105,0.6384913040092215,25.060148239019327,8.0,0.044736445380044315,True,5681,21,1391,3348,cuda,torch.complex128,MinTime/GPUBaseline/iterative__THR__0.045/run_19
2026-09-03T05:09:31Z,0.045,iterative,20,12345,20.0296115919773,20.029994135984452,0.6384913040092215,20.668485439993674,7.0,0.044879924403551756,True,4675,21,1391,3348,cuda,torch.complex128,MinTime/GPUBaseline/iterative__THR__0.045/run_20
2026-09-03T05:09:52Z,0.04,numpy,1,12345,21.12357577099465,21.123888445988996,0.6384913040092215,21.762379749998217,11.0,0.03996118378108047,True,7507,21,1391,3348,cuda,torch.complex128,MinTime/GPUBaseline/numpy__THR__0.04/run_1
2026-09-03T05:10:16Z,0.04,numpy,2,12345,23.537613733002217,23.537954800005537,0.6384913040092215,24.176446104014758,12.0,0.039990502673099414,True,8316,21,1391,3348,cuda,torch.complex128,MinTime/GPUBaseline/numpy__THR__0.04/run_2
2026-09-03T05:10:59Z,0.04,numpy,3,12345,41.71807150400127,41.71864118400845,0.6384913040092215,42.35713248801767,19.0,0.03997798726586379,True,14078,21,1391,3348,cuda,torch.complex128,MinTime/GPUBaseline/numpy__THR__0.04/run_3
2026-09-03T05:11:35Z,0.04,numpy,4,12345,36.307248855999205,36.30781569200917,0.6384913040092215,36.94630699601839,17.0,0.03999980315383281,True,12419,21,1391,3348,cuda,torch.complex128,MinTime/GPUBaseline/numpy__THR__0.04/run_4
2026-09-03T05:12:00Z,0.04,numpy,5,12345,23.618546946003335,23.618889947014395,0.6384913040092215,24.257381251023617,12.0,0.03999162544588766,True,8338,21,1391,3348,cuda,torch.complex128,MinTime/GPUBaseline/numpy__THR__0.04/run_5
2026-09-03T05:12:32Z,0.04,numpy,6,12345,31.97231375600677,31.972708505985793,0.6384913040092215,32.611199809995014,15.0,0.03991621262620503,True,11061,21,1391,3348,cuda,torch.complex128,MinTime/GPUBaseline/numpy__THR__0.04/run_6
2026-09-03T05:13:04Z,0.04,numpy,7,12345,31.230606596014695,31.230980351014296,0.6384913040092215,31.869471655023517,15.0,0.03998532103538269,True,10823,21,1391,3348,cuda,torch.complex128,MinTime/GPUBaseline/numpy__THR__0.04/run_7
2026-09-03T05:13:49Z,0.04,numpy,8,12345,,44.59368889700272,0.6384913040092215,45.23218020101194,,0.04032673597972536,False,15000,21,1391,3348,cuda,torch.complex128,MinTime/GPUBaseline/numpy__THR__0.04/run_8
2026-09-03T05:14:34Z,0.04,numpy,9,12345,,44.632492576987715,0.6384913040092215,45.27098388099694,,0.04035245802803016,False,15000,21,1391,3348,cuda,torch.complex128,MinTime/GPUBaseline/numpy__THR__0.04/run_9
2026-09-03T05:15:06Z,0.04,numpy,10,12345,30.969919552007923,30.970299407985294,0.6384913040092215,31.608790711994516,15.0,0.03974747106078282,True,10747,21,1391,3348,cuda,torch.complex128,MinTime/GPUBaseline/numpy__THR__0.04/run_10
2026-09-03T05:15:28Z,0.04,numpy,11,12345,21.768943423987366,21.769322134001413,0.6384913040092215,22.407813438010635,11.0,0.03999282647115456,True,7728,21,1391,3348,cuda,torch.complex128,MinTime/GPUBaseline/numpy__THR__0.04/run_11
2026-09-03T05:16:01Z,0.04,numpy,12,12345,32.64892453199718,32.6492588550027,0.6384913040092215,33.28775015901192,16.0,0.039789366981712815,True,11287,21,1391,3348,cuda,torch.complex128,MinTime/GPUBaseline/numpy__THR__0.04/run_12
2026-09-03T05:16:44Z,0.04,numpy,13,12345,41.98683229601011,41.98723395500565,0.6384913040092215,42.62572525901487,19.0,0.03974075080711323,True,14202,21,1391,3348,cuda,torch.complex128,MinTime/GPUBaseline/numpy__THR__0.04/run_13
2026-09-03T05:17:10Z,0.04,numpy,14,12345,25.329502202977892,25.329892153997207,0.6384913040092215,25.96838345800643,12.0,0.0399648397077742,True,8911,21,1391,3348,cuda,torch.complex128,MinTime/GPUBaseline/numpy__THR__0.04/run_14
2026-09-03T05:17:48Z,0.04,numpy,15,12345,37.706844508007634,37.7070835030172,0.6384913040092215,38.34557480702642,18.0,0.03970567818099523,True,12870,21,1391,3348,cuda,torch.complex128,MinTime/GPUBaseline/numpy__THR__0.04/run_15
2026-09-03T05:18:12Z,0.04,numpy,16,12345,23.356433874025242,23.35674646301777,0.6384913040092215,23.995237767026993,12.0,0.03992317574834962,True,8253,21,1391,3348,cuda,torch.complex128,MinTime/GPUBaseline/numpy__THR__0.04/run_16
2026-09-03T05:18:34Z,0.04,numpy,17,12345,21.74743779900018,21.747765858017374,0.6384913040092215,22.386257162026595,11.0,0.039932056069844804,True,7715,21,1391,3348,cuda,torch.complex128,MinTime/GPUBaseline/numpy__THR__0.04/run_17
2026-09-03T05:19:08Z,0.04,numpy,18,12345,32.79287316001137,32.7932255360065,0.6384913040092215,33.431716840015724,16.0,0.0399892783692906,True,11334,21,1391,3348,cuda,torch.complex128,MinTime/GPUBaseline/numpy__THR__0.04/run_18
2026-09-03T05:19:48Z,0.04,numpy,19,12345,39.715610506013036,39.71593265602132,0.6384913040092215,40.354423960030545,19.0,0.039989441211247916,True,13501,21,1391,3348,cuda,torch.complex128,MinTime/GPUBaseline/numpy__THR__0.04/run_19
2026-09-03T05:20:11Z,0.04,numpy,20,12345,21.945899559010286,21.946268183004577,0.6384913040092215,22.584759487013798,11.0,0.039997332851215726,True,7796,21,1391,3348,cuda,torch.complex128,MinTime/GPUBaseline/numpy__THR__0.04/run_20
2026-09-03T05:20:24Z,0.04,solve,1,12345,13.139279323018854,13.139584315009415,0.6384913040092215,13.778075619018637,11.0,0.03996118378108047,True,7507,21,1391,3348,cuda,torch.complex128,MinTime/GPUBaseline/solve__THR__0.04/run_1
2026-09-03T05:20:39Z,0.04,solve,2,12345,14.70711121801287,14.707429430010961,0.6384913040092215,15.345920734020183,12.0,0.039990502673099414,True,8316,21,1391,3348,cuda,torch.complex128,MinTime/GPUBaseline/solve__THR__0.04/run_2
2026-09-03T05:21:07Z,0.04,solve,3,12345,26.69916328700492,26.69956525301677,0.6384913040092215,27.338056557025993,19.0,0.03997798726586379,True,14078,21,1391,3348,cuda,torch.complex128,MinTime/GPUBaseline/solve__THR__0.04/run_3
2026-09-03T05:21:30Z,0.04,solve,4,12345,23.109160355990753,23.109544523002114,0.6384913040092215,23.748035827011336,17.0,0.03999980315383281,True,12419,21,1391,3348,cuda,torch.complex128,MinTime/GPUBaseline/solve__THR__0.04/run_4
2026-09-03T05:21:46Z,0.04,solve,5,12345,14.77831634497852,14.778673380002147,0.6384913040092215,15.417164684011368,12.0,0.03999162544588766,True,8338,21,1391,3348,cuda,torch.complex128,MinTime/GPUBaseline/solve__THR__0.04/run_5
2026-09-03T05:22:06Z,0.04,solve,6,12345,20.252649439004017,20.253029743005754,0.6384913040092215,20.891521047014976,15.0,0.03991621262620503,True,11061,21,1391,3348,cuda,torch.complex128,MinTime/GPUBaseline/solve__THR__0.04/run_6
2026-09-03T05:22:27Z,0.04,solve,7,12345,19.79282070498448,19.7932383469888,0.6384913040092215,20.431729650998022,15.0,0.03998532103538269,True,10823,21,1391,3348,cuda,torch.complex128,MinTime/GPUBaseline/solve__THR__0.04/run_7
2026-09-03T05:22:56Z,0.04,solve,8,12345,,28.704660405986942,0.6384913040092215,29.343151709996164,,0.04032673597972536,False,15000,21,1391,3348,cuda,torch.complex128,MinTime/GPUBaseline/solve__THR__0.04/run_8
2026-09-03T05:23:26Z,0.04,solve,9,12345,,28.730906604003394,0.6384913040092215,29.369397908012616,,0.04035245802803016,False,15000,21,1391,3348,cuda,torch.complex128,MinTime/GPUBaseline/solve__THR__0.04/run_9
2026-09-03T05:23:46Z,0.04,solve,10,12345,19.573294892994454,19.573664979019668,0.6384913040092215,20.21215628302889,15.0,0.03974747106078282,True,10747,21,1391,3348,cuda,torch.complex128,MinTime/GPUBaseline/solve__THR__0.04/run_10
2026-09-03T05:24:00Z,0.04,solve,11,12345,13.583666324993828,13.584011523984373,0.6384913040092215,14.222502827993594,11.0,0.03999282647115456,True,7728,21,1391,3348,cuda,torch.complex128,MinTime/GPUBaseline/solve__THR__0.04/run_11
2026-09-03T05:24:21Z,0.04,solve,12,12345,20.706102684984216,20.706431299971882,0.6384913040092215,21.344922603981104,16.0,0.039789366981712815,True,11287,21,1391,3348,cuda,torch.complex128,MinTime/GPUBaseline/solve__THR__0.04/run_12
2026-09-03T05:24:49Z,0.04,solve,13,12345,26.942902693001088,26.943285296001704,0.6384913040092215,27.581776600010926,19.0,0.03974075080711323,True,14202,21,1391,3348,cuda,torch.complex128,MinTime/GPUBaseline/solve__THR__0.04/run_13
2026-09-03T05:25:05Z,0.04,solve,14,12345,15.893884933000663,15.894274325983133,0.6384913040092215,16.532765629992355,12.0,0.0399648397077742,True,8911,21,1391,3348,cuda,torch.complex128,MinTime/GPUBaseline/solve__THR__0.04/run_14
2026-09-03T05:25:30Z,0.04,solve,15,12345,24.109561063,24.10991900000954,0.6384913040092215,24.748410304018762,18.0,0.03970567818099523,True,12870,21,1391,3348,cuda,torch.complex128,MinTime/GPUBaseline/solve__THR__0.04/run_15
2026-09-03T05:25:45Z,0.04,solve,16,12345,14.607565543992678,14.60787098898436,0.6384913040092215,15.246362292993581,12.0,0.03992317574834962,True,8253,21,1391,3348,cuda,torch.complex128,MinTime/GPUBaseline/solve__THR__0.04/run_16
2026-09-03T05:25:59Z,0.04,solve,17,12345,13.589892051008064,13.590267602994572,0.6384913040092215,14.228758907003794,11.0,0.039932056069844804,True,7715,21,1391,3348,cuda,torch.complex128,MinTime/GPUBaseline/solve__THR__0.04/run_17
2026-09-03T05:26:20Z,0.04,solve,18,12345,20.813959971012082,20.81429345399374,0.6384913040092215,21.452784758002963,16.0,0.0399892783692906,True,11334,21,1391,3348,cuda,torch.complex128,MinTime/GPUBaseline/solve__THR__0.04/run_18
2026-09-03T05:26:46Z,0.04,solve,19,12345,25.424483229988255,25.424806881987024,0.6384913040092215,26.063298185996246,19.0,0.039989441211247916,True,13501,21,1391,3348,cuda,torch.complex128,MinTime/GPUBaseline/solve__THR__0.04/run_19
2026-09-03T05:27:01Z,0.04,solve,20,12345,13.746569007984363,13.746956207003677,0.6384913040092215,14.385447511012899,11.0,0.039997332851215726,True,7796,21,1391,3348,cuda,torch.complex128,MinTime/GPUBaseline/solve__THR__0.04/run_20
2026-09-03T05:27:11Z,0.04,sm,1,12345,9.783500573015772,9.78420082401135,0.6384913040092215,10.422692128020572,11.0,0.03996118378108046,True,7507,21,1391,3348,cuda,torch.complex128,MinTime/GPUBaseline/sm__THR__0.04/run_1
2026-09-03T05:27:23Z,0.04,sm,2,12345,11.646195389999775,11.646552423975663,0.6384913040092215,12.285043727984885,12.0,0.03999050267309941,True,8316,21,1391,3348,cuda,torch.complex128,MinTime/GPUBaseline/sm__THR__0.04/run_2
2026-09-03T05:27:54Z,0.04,sm,3,12345,30.058870409993688,30.059237996989395,0.6384913040092215,30.697729300998617,19.0,0.03997798726586381,True,14078,21,1391,3348,cuda,torch.complex128,MinTime/GPUBaseline/sm__THR__0.04/run_3
2026-09-03T05:28:18Z,0.04,sm,4,12345,23.87293858299381,23.873342820006656,0.6384913040092215,24.511834124015877,17.0,0.0399998031538328,True,12419,21,1391,3348,cuda,torch.complex128,MinTime/GPUBaseline/sm__THR__0.04/run_4
2026-09-03T05:28:30Z,0.04,sm,5,12345,11.665972463000799,11.666371659986908,0.6384913040092215,12.304862963996129,12.0,0.03999162544588765,True,8338,21,1391,3348,cuda,torch.complex128,MinTime/GPUBaseline/sm__THR__0.04/run_5
2026-09-03T05:28:50Z,0.04,sm,6,12345,19.346046868013218,19.346477876999415,0.6384913040092215,19.984969181008637,15.0,0.039916212626205066,True,11061,21,1391,3348,cuda,torch.complex128,MinTime/GPUBaseline/sm__THR__0.04/run_6
2026-09-03T05:29:10Z,0.04,sm,7,12345,18.60338252800284,18.603803024016088,0.6384913040092215,19.24229432802531,15.0,0.0399853210353827,True,10823,21,1391,3348,cuda,torch.complex128,MinTime/GPUBaseline/sm__THR__0.04/run_7
2026-09-03T05:29:44Z,0.04,sm,8,12345,,33.71395270500216,0.6384913040092215,34.35244400901138,,0.04032673597972537,False,15000,21,1391,3348,cuda,torch.complex128,MinTime/GPUBaseline/sm__THR__0.04/run_8
2026-09-03T05:30:18Z,0.04,sm,9,12345,,33.781012400984764,0.6384913040092215,34.419503704993986,,0.04035245802803016,False,15000,21,1391,3348,cuda,torch.complex128,MinTime/GPUBaseline/sm__THR__0.04/run_9
2026-09-03T05:30:37Z,0.04,sm,10,12345,18.367776339990087,18.368247106991475,0.6384913040092215,19.006738411000697,15.0,0.03974747106078278,True,10747,21,1391,3348,cuda,torch.complex128,MinTime/GPUBaseline/sm__THR__0.04/run_10
2026-09-03T05:30:48Z,0.04,sm,11,12345,10.226485113002127,10.22687164202216,0.6384913040092215,10.865362946031382,11.0,0.039992826471154555,True,7728,21,1391,3348,cuda,torch.complex128,MinTime/GPUBaseline/sm__THR__0.04/run_11
2026-09-03T05:31:08Z,0.04,sm,12,12345,20.030901121994248,20.031290207989514,0.6384913040092215,20.669781511998735,16.0,0.03978936698171283,True,11287,21,1391,3348,cuda,torch.complex128,MinTime/GPUBaseline/sm__THR__0.04/run_12
2026-09-03T05:31:39Z,0.04,sm,13,12345,30.442728776979493,30.443281718995422,0.6384913040092215,31.081773023004644,19.0,0.03974075080711324,True,14202,21,1391,3348,cuda,torch.complex128,MinTime/GPUBaseline/sm__THR__0.04/run_13
2026-09-03T05:31:53Z,0.04,sm,14,12345,13.148324351001065,13.148742175020743,0.6384913040092215,13.787233479029965,12.0,0.0399648397077742,True,8911,21,1391,3348,cuda,torch.complex128,MinTime/GPUBaseline/sm__THR__0.04/run_14
2026-09-03T05:32:19Z,0.04,sm,15,12345,25.49840413298807,25.49880392101477,0.6384913040092215,26.13729522502399,18.0,0.039705678180995234,True,12870,21,1391,3348,cuda,torch.complex128,MinTime/GPUBaseline/sm__THR__0.04/run_15
2026-09-03T05:32:31Z,0.04,sm,16,12345,11.439711418002844,11.440021857997635,0.6384913040092215,12.078513162006857,12.0,0.039923175748349624,True,8253,21,1391,3348,cuda,torch.complex128,MinTime/GPUBaseline/sm__THR__0.04/run_16
2026-09-03T05:32:42Z,0.04,sm,17,12345,10.23013108500163,10.230537046998506,0.6384913040092215,10.869028351007728,11.0,0.039932056069844825,True,7715,21,1391,3348,cuda,torch.complex128,MinTime/GPUBaseline/sm__THR__0.04/run_17
2026-09-03T05:33:03Z,0.04,sm,18,12345,20.21505543999956,20.21545660501579,0.6384913040092215,20.85394790902501,16.0,0.039989278369290594,True,11334,21,1391,3348,cuda,torch.complex128,MinTime/GPUBaseline/sm__THR__0.04/run_18
2026-09-03T05:33:31Z,0.04,sm,19,12345,27.783292854001047,27.783639951987425,0.6384913040092215,28.422131255996646,19.0,0.03998944121124793,True,13501,21,1391,3348,cuda,torch.complex128,MinTime/GPUBaseline/sm__THR__0.04/run_19
2026-09-03T05:33:42Z,0.04,sm,20,12345,10.416963796014898,10.417362954991404,0.6384913040092215,11.055854259000625,11.0,0.03999733285121571,True,7796,21,1391,3348,cuda,torch.complex128,MinTime/GPUBaseline/sm__THR__0.04/run_20
2026-09-03T05:34:35Z,0.04,iterative,1,12345,52.7965267499967,52.79693231298006,0.6384913040092215,53.43542361698928,16.0,0.03997137017323425,True,11749,21,1391,3348,cuda,torch.complex128,MinTime/GPUBaseline/iterative__THR__0.04/run_1
2026-09-03T05:35:03Z,0.04,iterative,2,12345,26.723082640004577,26.723563904990442,0.6384913040092215,27.362055208999664,9.0,0.0399985118293589,True,6149,21,1391,3348,cuda,torch.complex128,MinTime/GPUBaseline/iterative__THR__0.04/run_2
2026-09-03T05:35:37Z,0.04,iterative,3,12345,33.29597380699124,33.29633906300296,0.6384913040092215,33.93483036701218,11.0,0.03995737759032281,True,7578,21,1391,3348,cuda,torch.complex128,MinTime/GPUBaseline/iterative__THR__0.04/run_3
2026-09-03T05:36:19Z,0.04,iterative,4,12345,41.41687027501757,41.41728608700214,0.6384913040092215,42.05577739101136,13.0,0.03972127776381435,True,9369,21,1391,3348,cuda,torch.complex128,MinTime/GPUBaseline/iterative__THR__0.04/run_4
2026-09-03T05:37:13Z,0.04,iterative,5,12345,54.214760492002824,54.215078499983065,0.6384913040092215,54.853569803992286,17.0,0.039987013968140465,True,12010,21,1391,3348,cuda,torch.complex128,MinTime/GPUBaseline/iterative__THR__0.04/run_5
2026-09-03T05:37:52Z,0.04,iterative,6,12345,37.95666967399302,37.957017879001796,0.6384913040092215,38.59550918301102,12.0,0.039955753073797666,True,8666,21,1391,3348,cuda,torch.complex128,MinTime/GPUBaseline/iterative__THR__0.04/run_6
2026-09-03T05:38:29Z,0.04,iterative,7,12345,37.17211372501333,37.172453395993216,0.6384913040092215,37.81094470000244,12.0,0.03984473101106319,True,8499,21,1391,3348,cuda,torch.complex128,MinTime/GPUBaseline/iterative__THR__0.04/run_7
2026-09-03T05:39:12Z,0.04,iterative,8,12345,42.13104543200461,42.13144260298577,0.6384913040092215,42.76993390699499,13.0,0.03998261544074383,True,9594,21,1391,3348,cuda,torch.complex128,MinTime/GPUBaseline/iterative__THR__0.04/run_8
2026-09-03T05:40:04Z,0.04,iterative,9,12345,50.88418569302303,50.884553967014654,0.6384913040092215,51.523045271023875,16.0,0.039985062680848615,True,11365,21,1391,3348,cuda,torch.complex128,MinTime/GPUBaseline/iterative__THR__0.04/run_9
2026-09-03T05:41:10Z,0.04,iterative,10,12345,65.58647075400222,65.5868535929767,0.6384913040092215,66.22534489698592,20.0,0.03992985770726256,True,14559,21,1391,3348,cuda,torch.complex128,MinTime/GPUBaseline/iterative__THR__0.04/run_10
2026-09-03T05:41:52Z,0.04,iterative,11,12345,42.25503008600208,42.2554509259935,0.6384913040092215,42.89394223000272,13.0,0.0398242344279702,True,9600,21,1391,3348,cuda,torch.complex128,MinTime/GPUBaseline/iterative__THR__0.04/run_11
2026-09-03T05:42:33Z,0.04,iterative,12,12345,40.51759783702437,40.51800552700297,0.6384913040092215,41.15649683101219,13.0,0.03994854192095686,True,9077,21,1391,3348,cuda,torch.complex128,MinTime/GPUBaseline/iterative__THR__0.04/run_12
2026-09-03T05:43:00Z,0.04,iterative,13,12345,25.939293364004698,25.939609501016093,0.6384913040092215,26.578100805025315,9.0,0.03986586232166498,True,6020,21,1391,3348,cuda,torch.complex128,MinTime/GPUBaseline/iterative__THR__0.04/run_13
2026-09-03T05:43:44Z,0.04,iterative,14,12345,43.37139380001463,43.37172314099735,0.6384913040092215,44.01021444500657,14.0,0.039943238096312374,True,9813,21,1391,3348,cuda,torch.complex128,MinTime/GPUBaseline/iterative__THR__0.04/run_14
2026-09-03T05:44:18Z,0.04,iterative,15,12345,33.77481119899312,33.77519220497925,0.6384913040092215,34.41368350898847,11.0,0.03983272280352899,True,7748,21,1391,3348,cuda,torch.complex128,MinTime/GPUBaseline/iterative__THR__0.04/run_15
2026-09-03T05:44:54Z,0.04,iterative,16,12345,35.601147372013656,35.60161040601088,0.6384913040092215,36.2401017100201,11.0,0.039968972302234736,True,8148,21,1391,3348,cuda,torch.complex128,MinTime/GPUBaseline/iterative__THR__0.04/run_16
2026-09-03T05:45:34Z,0.04,iterative,17,12345,39.64349082598346,39.64381159300683,0.6384913040092215,40.28230289701605,13.0,0.03996839888082803,True,9029,21,1391,3348,cuda,torch.complex128,MinTime/GPUBaseline/iterative__THR__0.04/run_17
2026-09-03T05:46:13Z,0.04,iterative,18,12345,38.22792367398506,38.22830179898301,0.6384913040092215,38.86679310299223,12.0,0.039931000340252515,True,8759,21,1391,3348,cuda,torch.complex128,MinTime/GPUBaseline/iterative__THR__0.04/run_18
2026-09-03T05:46:57Z,0.04,iterative,19,12345,43.71504186998936,43.71540546999313,0.6384913040092215,44.35389677400235,14.0,0.039932324407790216,True,9960,21,1391,3348,cuda,torch.complex128,MinTime/GPUBaseline/iterative__THR__0.04/run_19
2026-09-03T05:47:44Z,0.04,iterative,20,12345,46.06386397301685,46.06426650501089,0.6384913040092215,46.70275780902011,14.0,0.03978507006627603,True,10355,21,1391,3348,cuda,torch.complex128,MinTime/GPUBaseline/iterative__THR__0.04/run_20
2026-09-03T05:48:28Z,0.03,numpy,1,12345,,44.04511951399036,0.6384913040092215,44.68361081799958,,0.03876955219445205,False,15000,21,1391,3348,cuda,torch.complex128,MinTime/GPUBaseline/numpy__THR__0.03/run_1
2026-09-03T05:49:13Z,0.03,numpy,2,12345,,43.99741308100056,0.6384913040092215,44.63590438500978,,0.038419513929942244,False,15000,21,1391,3348,cuda,torch.complex128,MinTime/GPUBaseline/numpy__THR__0.03/run_2
2026-09-03T05:50:01Z,0.03,numpy,3,12345,,46.96024688301259,0.6384913040092215,47.59873818702181,,0.03988385047336943,False,15000,21,1391,3348,cuda,torch.complex128,MinTime/GPUBaseline/numpy__THR__0.03/run_3
2026-09-03T05:50:45Z,0.03,numpy,4,12345,,44.09887926999363,0.6384913040092215,44.73737057400285,,0.0394054535814875,False,15000,21,1391,3348,cuda,torch.complex128,MinTime/GPUBaseline/numpy__THR__0.03/run_4
2026-09-03T05:51:30Z,0.03,numpy,5,12345,,43.98465809499612,0.6384913040092215,44.62314939900534,,0.03909696232829696,False,15000,21,1391,3348,cuda,torch.complex128,MinTime/GPUBaseline/numpy__THR__0.03/run_5
2026-09-03T05:52:14Z,0.03,numpy,6,12345,,44.03247707799892,0.6384913040092215,44.67096838200814,,0.039849470007555475,False,15000,21,1391,3348,cuda,torch.complex128,MinTime/GPUBaseline/numpy__THR__0.03/run_6
2026-09-03T05:52:59Z,0.03,numpy,7,12345,,44.03377946699038,0.6384913040092215,44.6722707709996,,0.03930321902046536,False,15000,21,1391,3348,cuda,torch.complex128,MinTime/GPUBaseline/numpy__THR__0.03/run_7
2026-09-03T05:53:44Z,0.03,numpy,8,12345,,44.032263253000565,0.6384913040092215,44.670754557009786,,0.04032673597972536,False,15000,21,1391,3348,cuda,torch.complex128,MinTime/GPUBaseline/numpy__THR__0.03/run_8
2026-09-03T05:54:28Z,0.03,numpy,9,12345,,43.974026435025735,0.6384913040092215,44.612517739034956,,0.04035245802803016,False,15000,21,1391,3348,cuda,torch.complex128,MinTime/GPUBaseline/numpy__THR__0.03/run_9
2026-09-03T05:55:13Z,0.03,numpy,10,12345,,43.986860960983904,0.6384913040092215,44.625352264993126,,0.03927898442862904,False,15000,21,1391,3348,cuda,torch.complex128,MinTime/GPUBaseline/numpy__THR__0.03/run_10
2026-09-03T05:55:57Z,0.03,numpy,11,12345,,44.019928280991735,0.6384913040092215,44.658419585000956,,0.03934832739364958,False,15000,21,1391,3348,cuda,torch.complex128,MinTime/GPUBaseline/numpy__THR__0.03/run_11
2026-09-03T05:56:42Z,0.03,numpy,12,12345,,44.020748388022184,0.6384913040092215,44.659239692031406,,0.038902506489001926,False,15000,21,1391,3348,cuda,torch.complex128,MinTime/GPUBaseline/numpy__THR__0.03/run_12
2026-09-03T05:57:26Z,0.03,numpy,13,12345,,43.99297856801422,0.6384913040092215,44.631469872023445,,0.0395907694527123,False,15000,21,1391,3348,cuda,torch.complex128,MinTime/GPUBaseline/numpy__THR__0.03/run_13
2026-09-03T05:58:11Z,0.03,numpy,14,12345,,44.04805050700088,0.6384913040092215,44.6865418110101,,0.03813565482960141,False,15000,21,1391,3348,cuda,torch.complex128,MinTime/GPUBaseline/numpy__THR__0.03/run_14
2026-09-03T05:58:56Z,0.03,numpy,15,12345,,44.003547770989826,0.6384913040092215,44.64203907499905,,0.03943458377272341,False,15000,21,1391,3348,cuda,torch.complex128,MinTime/GPUBaseline/numpy__THR__0.03/run_15
2026-09-03T05:59:40Z,0.03,numpy,16,12345,,43.999753592011984,0.6384913040092215,44.638244896021206,,0.038048594419501786,False,15000,21,1391,3348,cuda,torch.complex128,MinTime/GPUBaseline/numpy__THR__0.03/run_16
2026-09-03T06:00:25Z,0.03,numpy,17,12345,,44.05079327599378,0.6384913040092215,44.689284580003005,,0.03855011144082974,False,15000,21,1391,3348,cuda,torch.complex128,MinTime/GPUBaseline/numpy__THR__0.03/run_17
2026-09-03T06:01:10Z,0.03,numpy,18,12345,,44.55353125499096,0.6384913040092215,45.19202255900018,,0.03911471165615992,False,15000,21,1391,3348,cuda,torch.complex128,MinTime/GPUBaseline/numpy__THR__0.03/run_18
2026-09-03T06:01:54Z,0.03,numpy,19,12345,,43.98385398299433,0.6384913040092215,44.622345287003554,,0.03972123865476602,False,15000,21,1391,3348,cuda,torch.complex128,MinTime/GPUBaseline/numpy__THR__0.03/run_19
2026-09-03T06:02:39Z,0.03,numpy,20,12345,,44.02755031597917,0.6384913040092215,44.66604161998839,,0.038416667186249163,False,15000,21,1391,3348,cuda,torch.complex128,MinTime/GPUBaseline/numpy__THR__0.03/run_20
2026-09-03T06:03:08Z,0.03,solve,1,12345,,28.036311957024736,0.6384913040092215,28.674803261033958,,0.03876955219445205,False,15000,21,1391,3348,cuda,torch.complex128,MinTime/GPUBaseline/solve__THR__0.03/run_1
2026-09-03T06:03:37Z,0.03,solve,2,12345,,28.20861389199854,0.6384913040092215,28.84710519600776,,0.038419513929942244,False,15000,21,1391,3348,cuda,torch.complex128,MinTime/GPUBaseline/solve__THR__0.03/run_2
2026-09-03T06:04:06Z,0.03,solve,3,12345,,28.154530255997088,0.6384913040092215,28.79302156000631,,0.03988385047336943,False,15000,21,1391,3348,cuda,torch.complex128,MinTime/GPUBaseline/solve__THR__0.03/run_3
2026-09-03T06:04:34Z,0.03,solve,4,12345,,28.154749270994216,0.6384913040092215,28.793240575003438,,0.0394054535814875,False,15000,21,1391,3348,cuda,torch.complex128,MinTime/GPUBaseline/solve__THR__0.03/run_4
2026-09-03T06:05:03Z,0.03,solve,5,12345,,28.10151790297823,0.6384913040092215,28.74000920698745,,0.03909696232829696,False,15000,21,1391,3348,cuda,torch.complex128,MinTime/GPUBaseline/solve__THR__0.03/run_5
2026-09-03T06:05:32Z,0.03,solve,6,12345,,28.149921013013227,0.6384913040092215,28.78841231702245,,0.039849470007555475,False,15000,21,1391,3348,cuda,torch.complex128,MinTime/GPUBaseline/solve__THR__0.03/run_6
2026-09-03T06:06:03Z,0.03,solve,7,12345,,30.311746836989187,0.6384913040092215,30.950238140998408,,0.03930321902046536,False,15000,21,1391,3348,cuda,torch.complex128,MinTime/GPUBaseline/solve__THR__0.03/run_7
2026-09-03T06:06:31Z,0.03,solve,8,12345,,28.126796832017135,0.6384913040092215,28.765288136026356,,0.04032673597972536,False,15000,21,1391,3348,cuda,torch.complex128,MinTime/GPUBaseline/solve__THR__0.03/run_8
2026-09-03T06:07:00Z,0.03,solve,9,12345,,28.128545443993062,0.6384913040092215,28.767036748002283,,0.04035245802803016,False,15000,21,1391,3348,cuda,torch.complex128,MinTime/GPUBaseline/solve__THR__0.03/run_9
2026-09-03T06:07:29Z,0.03,solve,10,12345,,28.117544141976396,0.6384913040092215,28.756035445985617,,0.03927898442862904,False,15000,21,1391,3348,cuda,torch.complex128,MinTime/GPUBaseline/solve__THR__0.03/run_10
2026-09-03T06:07:57Z,0.03,solve,11,12345,,28.113932234002277,0.6384913040092215,28.7524235380115,,0.03934832739364958,False,15000,21,1391,3348,cuda,torch.complex128,MinTime/GPUBaseline/solve__THR__0.03/run_11
2026-09-03T06:08:26Z,0.03,solve,12,12345,,28.099071050004568,0.6384913040092215,28.73756235401379,,0.038902506489001926,False,15000,21,1391,3348,cuda,torch.complex128,MinTime/GPUBaseline/solve__THR__0.03/run_12
2026-09-03T06:08:57Z,0.03,solve,13,12345,,30.51073816700955,0.6384913040092215,31.14922947101877,,0.0395907694527123,False,15000,21,1391,3348,cuda,torch.complex128,MinTime/GPUBaseline/solve__THR__0.03/run_13
2026-09-03T06:09:26Z,0.03,solve,14,12345,,28.64505342199118,0.6384913040092215,29.2835447260004,,0.03813565482960141,False,15000,21,1391,3348,cuda,torch.complex128,MinTime/GPUBaseline/solve__THR__0.03/run_14
2026-09-03T06:09:55Z,0.03,solve,15,12345,,28.106702035001945,0.6384913040092215,28.745193339011166,,0.03943458377272341,False,15000,21,1391,3348,cuda,torch.complex128,MinTime/GPUBaseline/solve__THR__0.03/run_15
2026-09-03T06:10:24Z,0.03,solve,16,12345,,28.11197696402087,0.6384913040092215,28.75046826803009,,0.038048594419501786,False,15000,21,1391,3348,cuda,torch.complex128,MinTime/GPUBaseline/solve__THR__0.03/run_16
2026-09-03T06:10:53Z,0.03,solve,17,12345,,28.624081268004375,0.6384913040092215,29.262572572013596,,0.03855011144082974,False,15000,21,1391,3348,cuda,torch.complex128,MinTime/GPUBaseline/solve__THR__0.03/run_17
2026-09-03T06:11:27Z,0.03,solve,18,12345,,32.69799097199575,0.6384913040092215,33.33648227600497,,0.03911471165615992,False,15000,21,1391,3348,cuda,torch.complex128,MinTime/GPUBaseline/solve__THR__0.03/run_18
2026-09-03T06:11:56Z,0.03,solve,19,12345,,28.23543619000702,0.6384913040092215,28.873927494016243,,0.03972123865476602,False,15000,21,1391,3348,cuda,torch.complex128,MinTime/GPUBaseline/solve__THR__0.03/run_19
2026-09-03T06:12:24Z,0.03,solve,20,12345,,28.19747622401337,0.6384913040092215,28.835967528022593,,0.038416667186249163,False,15000,21,1391,3348,cuda,torch.complex128,MinTime/GPUBaseline/solve__THR__0.03/run_20
2026-09-03T06:12:58Z,0.03,sm,1,12345,,32.59694571502041,0.6384913040092215,33.23543701902963,,0.038769552194452064,False,15000,21,1391,3348,cuda,torch.complex128,MinTime/GPUBaseline/sm__THR__0.03/run_1
2026-09-03T06:13:31Z,0.03,sm,2,12345,,32.73073571099667,0.6384913040092215,33.36922701500589,,0.03841951392994223,False,15000,21,1391,3348,cuda,torch.complex128,MinTime/GPUBaseline/sm__THR__0.03/run_2
2026-09-03T06:14:04Z,0.03,sm,3,12345,,32.65314416500041,0.6384913040092215,33.291635469009634,,0.03988385047336943,False,15000,21,1391,3348,cuda,torch.complex128,MinTime/GPUBaseline/sm__THR__0.03/run_3
2026-09-03T06:14:38Z,0.03,sm,4,12345,,32.62868420899031,0.6384913040092215,33.26717551299953,,0.0394054535814875,False,15000,21,1391,3348,cuda,torch.complex128,MinTime/GPUBaseline/sm__THR__0.03/run_4
2026-09-03T06:15:11Z,0.03,sm,5,12345,,32.71383973400225,0.6384913040092215,33.35233103801147,,0.039096962328296965,False,15000,21,1391,3348,cuda,torch.complex128,MinTime/GPUBaseline/sm__THR__0.03/run_5
2026-09-03T06:15:44Z,0.03,sm,6,12345,,32.67144848400494,0.6384913040092215,33.30993978801416,,0.03984947000755549,False,15000,21,1391,3348,cuda,torch.complex128,MinTime/GPUBaseline/sm__THR__0.03/run_6
2026-09-03T06:16:17Z,0.03,sm,7,12345,,32.66268367701559,0.6384913040092215,33.301174981024815,,0.03930321902046535,False,15000,21,1391,3348,cuda,torch.complex128,MinTime/GPUBaseline/sm__THR__0.03/run_7
2026-09-03T06:16:50Z,0.03,sm,8,12345,,32.62149490098818,0.6384913040092215,33.2599862049974,,0.04032673597972537,False,15000,21,1391,3348,cuda,torch.complex128,MinTime/GPUBaseline/sm__THR__0.03/run_8
2026-09-03T06:17:25Z,0.03,sm,9,12345,,33.92911125801038,0.6384913040092215,34.5676025620196,,0.04035245802803016,False,15000,21,1391,3348,cuda,torch.complex128,MinTime/GPUBaseline/sm__THR__0.03/run_9
2026-09-03T06:17:58Z,0.03,sm,10,12345,,32.483215015992755,0.6384913040092215,33.12170632000198,,0.039278984428629024,False,15000,21,1391,3348,cuda,torch.complex128,MinTime/GPUBaseline/sm__THR__0.03/run_10
2026-09-03T06:18:31Z,0.03,sm,11,12345,,32.38665315500111,0.6384913040092215,33.025144459010335,,0.03934832739364958,False,15000,21,1391,3348,cuda,torch.complex128,MinTime/GPUBaseline/sm__THR__0.03/run_11
2026-09-03T06:19:04Z,0.03,sm,12,12345,,32.48694965901086,0.6384913040092215,33.12544096302008,,0.03890250648900192,False,15000,21,1391,3348,cuda,torch.complex128,MinTime/GPUBaseline/sm__THR__0.03/run_12
2026-09-03T06:19:37Z,0.03,sm,13,12345,,32.47664626699407,0.6384913040092215,33.11513757100329,,0.03959076945271228,False,15000,21,1391,3348,cuda,torch.complex128,MinTime/GPUBaseline/sm__THR__0.03/run_13
2026-09-03T06:20:16Z,0.03,sm,14,12345,,38.48881779398653,0.6384913040092215,39.12730909799575,,0.03813565482960142,False,15000,21,1391,3348,cuda,torch.complex128,MinTime/GPUBaseline/sm__THR__0.03/run_14
2026-09-03T06:20:50Z,0.03,sm,15,12345,,33.25480912500643,0.6384913040092215,33.89330042901565,,0.039434583772723415,False,15000,21,1391,3348,cuda,torch.complex128,MinTime/GPUBaseline/sm__THR__0.03/run_15
2026-09-03T06:21:24Z,0.03,sm,16,12345,,32.86473412197665,0.6384913040092215,33.503225425985875,,0.038048594419501765,False,15000,21,1391,3348,cuda,torch.complex128,MinTime/GPUBaseline/sm__THR__0.03/run_16
2026-09-03T06:22:01Z,0.03,sm,17,12345,,36.7873998300056,0.6384913040092215,37.42589113401482,,0.038550111440829725,False,15000,21,1391,3348,cuda,torch.complex128,MinTime/GPUBaseline/sm__THR__0.03/run_17
2026-09-03T06:22:36Z,0.03,sm,18,12345,,34.070209725992754,0.6384913040092215,34.708701030001976,,0.03911471165615993,False,15000,21,1391,3348,cuda,torch.complex128,MinTime/GPUBaseline/sm__THR__0.03/run_18
2026-09-03T06:23:09Z,0.03,sm,19,12345,,32.4445249280252,0.6384913040092215,33.083016232034424,,0.039721238654766004,False,15000,21,1391,3348,cuda,torch.complex128,MinTime/GPUBaseline/sm__THR__0.03/run_19
2026-09-03T06:23:42Z,0.03,sm,20,12345,,32.491680138977244,0.6384913040092215,33.130171442986466,,0.03841666718624918,False,15000,21,1391,3348,cuda,torch.complex128,MinTime/GPUBaseline/sm__THR__0.03/run_20
2026-09-03T06:24:50Z,0.03,iterative,1,12345,,67.7165620890155,0.6384913040092215,68.35505339302472,,0.03963816771480498,False,15000,21,1391,3348,cuda,torch.complex128,MinTime/GPUBaseline/iterative__THR__0.03/run_1
2026-09-03T06:25:58Z,0.03,iterative,2,12345,,67.72855302802054,0.6384913040092215,68.36704433202976,,0.03736502794617002,False,15000,21,1391,3348,cuda,torch.complex128,MinTime/GPUBaseline/iterative__THR__0.03/run_2
2026-09-03T06:27:07Z,0.03,iterative,3,12345,,67.75684381599422,0.6384913040092215,68.39533512000344,,0.0380746837794587,False,15000,21,1391,3348,cuda,torch.complex128,MinTime/GPUBaseline/iterative__THR__0.03/run_3
2026-09-03T06:28:15Z,0.03,iterative,4,12345,,67.56982044200413,0.6384913040092215,68.20831174601335,,0.038881530560879105,False,15000,21,1391,3348,cuda,torch.complex128,MinTime/GPUBaseline/iterative__THR__0.03/run_4
2026-09-03T06:29:23Z,0.03,iterative,5,12345,,67.68520075597917,0.6384913040092215,68.32369205998839,,0.038953832338143944,False,15000,21,1391,3348,cuda,torch.complex128,MinTime/GPUBaseline/iterative__THR__0.03/run_5
2026-09-03T06:30:31Z,0.03,iterative,6,12345,,67.75661042099819,0.6384913040092215,68.39510172500741,,0.03869129182301732,False,15000,21,1391,3348,cuda,torch.complex128,MinTime/GPUBaseline/iterative__THR__0.03/run_6
2026-09-03T06:31:40Z,0.03,iterative,7,12345,,67.87404523798614,0.6384913040092215,68.51253654199536,,0.03805279527464279,False,15000,21,1391,3348,cuda,torch.complex128,MinTime/GPUBaseline/iterative__THR__0.03/run_7
2026-09-03T06:32:48Z,0.03,iterative,8,12345,,67.77308240902494,0.6384913040092215,68.41157371303416,,0.03954859167183805,False,15000,21,1391,3348,cuda,torch.complex128,MinTime/GPUBaseline/iterative__THR__0.03/run_8
2026-09-03T06:33:56Z,0.03,iterative,9,12345,,67.74071272200672,0.6384913040092215,68.37920402601594,,0.03956527342553188,False,15000,21,1391,3348,cuda,torch.complex128,MinTime/GPUBaseline/iterative__THR__0.03/run_9
2026-09-03T06:35:05Z,0.03,iterative,10,12345,,67.63217254498159,0.6384913040092215,68.27066384899081,,0.03941803489907257,False,15000,21,1391,3348,cuda,torch.complex128,MinTime/GPUBaseline/iterative__THR__0.03/run_10
2026-09-03T06:36:14Z,0.03,iterative,11,12345,,68.88266015800764,0.6384913040092215,69.52115146201686,,0.03767113137513665,False,15000,21,1391,3348,cuda,torch.complex128,MinTime/GPUBaseline/iterative__THR__0.03/run_11
2026-09-03T06:37:23Z,0.03,iterative,12,12345,,68.56816469199839,0.6384913040092215,69.20665599600761,,0.03906961985476908,False,15000,21,1391,3348,cuda,torch.complex128,MinTime/GPUBaseline/iterative__THR__0.03/run_12
2026-09-03T06:38:32Z,0.03,iterative,13,12345,,67.83273428000393,0.6384913040092215,68.47122558401315,,0.03825403924016696,False,15000,21,1391,3348,cuda,torch.complex128,MinTime/GPUBaseline/iterative__THR__0.03/run_13
2026-09-03T06:39:40Z,0.03,iterative,14,12345,,67.73666041000979,0.6384913040092215,68.37515171401901,,0.03791985207887573,False,15000,21,1391,3348,cuda,torch.complex128,MinTime/GPUBaseline/iterative__THR__0.03/run_14
2026-09-03T06:40:51Z,0.03,iterative,15,12345,,69.60376471400377,0.6384913040092215,70.242256018013,,0.03869947654000882,False,15000,21,1391,3348,cuda,torch.complex128,MinTime/GPUBaseline/iterative__THR__0.03/run_15
2026-09-03T06:41:59Z,0.03,iterative,16,12345,,67.98110386298504,0.6384913040092215,68.61959516699426,,0.03880759076706209,False,15000,21,1391,3348,cuda,torch.complex128,MinTime/GPUBaseline/iterative__THR__0.03/run_16
2026-09-03T06:43:08Z,0.03,iterative,17,12345,,67.8567585820274,0.6384913040092215,68.49524988603662,,0.03905114640620573,False,15000,21,1391,3348,cuda,torch.complex128,MinTime/GPUBaseline/iterative__THR__0.03/run_17
2026-09-03T06:44:16Z,0.03,iterative,18,12345,,67.68402587299352,0.6384913040092215,68.32251717700274,,0.03802662345373996,False,15000,21,1391,3348,cuda,torch.complex128,MinTime/GPUBaseline/iterative__THR__0.03/run_18
2026-09-03T06:45:24Z,0.03,iterative,19,12345,,67.62049543499597,0.6384913040092215,68.2589867390052,,0.03914117077425999,False,15000,21,1391,3348,cuda,torch.complex128,MinTime/GPUBaseline/iterative__THR__0.03/run_19
2026-09-03T06:46:32Z,0.03,iterative,20,12345,,67.7280002880143,0.6384913040092215,68.36649159202352,,0.03859851412621726,False,15000,21,1391,3348,cuda,torch.complex128,MinTime/GPUBaseline/iterative__THR__0.03/run_20
