threshold,method,time_s_mean,time_s_ci95,time_to_target_mean,caps_mean,best_minz_mean,best_minz_ci95,success_rate,n_evals_mean,n_runs,speedup_mean,speedup_ci95
0.03,iterative,67.93639858805254,0.221555450771898,,,0.038671419702500084,0.00029025655016828747,0.0,15000.0,20,0.6505365657571323,0.0049651955299303005
0.03,numpy,44.19232299869909,0.2905868567204458,,,0.039197468263357446,0.00029215319115976447,0.0,15000.0,20,1.0,0.0
0.03,sm,33.272186380749915,0.6949238846444572,,,0.03919746826335744,0.0002921531911597655,0.0,15000.0,20,1.3308329721250858,0.026937366349182073
0.03,solve,28.641636803651636,0.5186035810795517,,,0.039197468263357446,0.00029215319115976447,0.0,15000.0,20,1.5451856757854086,0.02717571725990404
0.04,iterative,41.56474491894623,4.091986587112668,41.56436466215382,13.15,0.03991669684032008,3.3866444138997157e-05,1.0,9402.35,20,0.801193796759077,0.13473403854609783
0.04,numpy,31.435504455254705,3.6385374313400196,29.9709554763928,14.5,0.039963702372429445,7.024065900140712e-05,0.9,10844.3,20,1.0,0.0
0.04,sm,19.513960346049863,3.6819758006834364,17.93203784688861,14.5,0.03996370237242945,7.024065900140761e-05,0.9,10844.3,20,1.7321696718381017,0.1330469826076109
0.04,solve,19.945620678047998,2.4049073533986696,18.970576837164117,14.5,0.039963702372429445,7.024065900140712e-05,0.9,10844.3,20,1.580708527344219,0.007860851544355838
0.045,iterative,20.011623867398885,0.9270671542126874,20.01124415565282,7.0,0.044774919602859675,8.986907130702897e-05,1.0,4665.5,20,0.6447683875961653,0.0360582769704678
0.045,numpy,12.816635455201322,0.6472748643205495,12.816273353998259,7.0,0.0446644676831693,0.00011431215223144269,1.0,4658.55,20,1.0,0.0
0.045,sm,4.399788532253297,0.3651059409948788,4.399451340750966,7.0,0.0446644676831693,0.00011431215223144412,1.0,4658.55,20,2.9459344544456867,0.08106878959904758
0.045,solve,7.897303457504313,0.40924785284896303,7.896939726197161,7.0,0.0446644676831693,0.00011431215223144269,1.0,4658.55,20,1.6233796106343263,0.0022042589307480136
0.05,iterative,14.043713221198413,0.5669809446466287,14.043307899446518,5.2,0.04922379276909047,0.0002379310142379553,1.0,3326.6,20,0.6500319911830388,0.02867373306349359
0.05,numpy,9.12471774550213,0.5445465974612883,9.124343122800928,5.25,0.04957190809233718,0.00012654539436214495,1.0,3350.0,20,1.0,0.0
0.05,sm,2.569271614801255,0.245869097339767,2.5689219850464724,5.25,0.04957190809233718,0.00012654539436214677,1.0,3350.0,20,3.601565721742439,0.10668065168190077
0.05,solve,5.576408233003167,0.3403674675694906,5.5760636271050315,5.25,0.04957190809233718,0.00012654539436214495,1.0,3350.0,20,1.636900042357606,0.0023801174155293776
