scope,band,n_runs,caps_used,R_B1,R_B2,R_B3,R_B4,IMP_B1,IMP_B2,IMP_B3,IMP_B4,caps_needed,conv_iter,success_rate
A1,B1,10,18.5,3.210912035766432,8.062945479742282,16.062386122904687,3.1353764751851427,0.9981245363862833,3.6412763508959367,5.206803330029336,3.1353764751851427,,172.0,0.0
A1,B2,10,49.5,3.2801521289608453,7.942390023343851,16.054606205610543,2.5882051524690004,1.040579607280951,3.5591538177889177,4.944259990632528,2.5882051524690004,,211.0,0.0
A1,B3,10,48.5,3.2681804787312556,8.096765276244895,15.980962676287316,2.2698424471584406,1.2297609958418847,3.728837862681079,4.63604812695608,2.2698424471584406,,211.0,0.0
A1,B4,10,50.5,3.2681804787312556,8.096765276244895,15.980962676287316,2.2682401715172706,1.2424536624459717,3.673873703814456,4.63604812695608,2.2682401715172706,,211.0,0.0
A2,B1,10,65.5,3.2105661463749087,8.062613148344617,16.061917570904143,2.82463332538358,1.014873905745464,3.600440643253041,5.0737688524094935,2.82463332538358,,968.5,0.0
A2,B2,10,55.5,3.27678167307232,7.941240571384558,16.05107940802295,2.8560866432939305,1.0390636913474873,3.5852410890008173,5.406558913305052,2.8560866432939305,,823.5,0.0
A2,B3,10,53.0,3.2696323851243347,8.098538123653611,15.980267226672538,3.0682204203493484,1.068116032259033,3.5873281505472354,5.3927545029875805,3.0682204203493484,,782.0,0.0
A2,B4,10,57.5,3.247678501203003,8.06972359166571,16.070004696754644,2.270506101085953,1.228190798224636,3.693496080920872,5.065587884939992,2.270506101085953,,848.5,0.0
A3,B1,10,4.5,0.997797176995441,3.6203232826583367,5.18947326720458,3.118937737196525,0.997797176995441,3.6203232826583367,5.18947326720458,3.118937737196525,4.5,60.0,1.0
A3,B2,10,32.5,1.0616593100503504,3.558703460262869,5.467347777914224,2.8701338323528693,1.0616593100503504,3.558703460262869,5.467347777914224,2.8701338323528693,,480.5,0.0
A3,B3,10,38.0,1.0738137622827209,3.6576335840179253,4.667713478741103,2.7913162355550587,1.0738137622827209,3.6576335840179253,4.667713478741103,2.7913162355550587,,556.0,0.0
A3,B4,10,30.5,1.183995508687747,3.663296280162067,5.0605148503960375,2.276587674696832,1.183995508687747,3.663296280162067,5.0605148503960375,2.276587674696832,,450.0,0.0
A4,B1,10,4.5,0.9861068620965974,2.5891390794265785,5.1961472909178035,2.6679975828717284,,,,,4.5,54.5,1.0
A4,B2,10,20.0,1.3423587979996396,2.0924475044063033,4.787812117949047,2.458335078426108,,,,,,286.0,0.0
A4,B3,10,20.0,1.304218114083054,2.710876016027064,4.141988763107898,2.5597680981127535,,,,,,286.0,0.0
A4,B4,10,20.0,1.0928628681525303,2.2608201969346506,4.319463099815392,2.2211296721309823,,,,,,286.0,0.0
A5,B2,10,78.0,0.6653357958960444,1.078656140491871,2.4253986398159983,1.378825477222945,,,,,59.0,1156.0,0.1
A5,B3,10,78.0,0.6212924948979224,1.3182502799145643,2.108693798169935,1.3011251890813238,,,,,,1156.0,0.0
A5,B4,10,78.0,0.6253642865921534,1.1661184485507308,2.1336589642614223,1.2129731135051514,,,,,,1156.0,0.0
