N,method,sec_per_eval,source,speedup_eval_vs_pure,max_rel_dev_vs_numpy,runs,success_rate,timeouts,n_evals_med,time_to_target_s_med,placement_match_vs_numpy,max_ratio_dev_vs_numpy,speedup_total_vs_pure
16,pure_python,1.5546801586654813,measured,1.0,9.951999544148751e-16,2.0,0.0,2.0,1201.0,1854.8824065020017,0.0,0.02354889289982731,1.0
16,numpy,0.042323157334370386,measured,36.733558094044525,0.0,5.0,0.0,0.0,11251.0,443.42724810598884,1.0,0.0,4.1830591476386765
16,solve,0.03774109600150647,measured,41.193296522269115,9.951999544148751e-16,5.0,0.0,0.0,11251.0,320.39674307298264,1.0,2.220446049250313e-15,5.789329781293941
16,sm,0.15721553716624234,measured,9.888845509089451,7.382908602588279e-16,5.0,0.0,0.0,11251.0,1141.7765574810037,1.0,1.7763568394002505e-15,1.6245581452418831
16,iterative,0.07519842474963905,measured,20.674371356069447,0.0,5.0,0.0,0.0,11251.0,631.999858952011,0.0,0.019882543986926127,2.934941171629038
21,pure_python,3.40086672299852,measured,1.0,3.3629398990724007e-16,2.0,0.0,2.0,551.0,1867.5133902285015,0.0,0.7423920622068572,1.0
21,numpy,0.05375035191536881,measured,63.27152477723801,0.0,5.0,0.0,0.0,15001.0,728.469725050003,1.0,0.0,2.5636115352636146
21,solve,0.048724871414985195,measured,69.79734628817498,5.044409848608601e-16,5.0,0.0,0.0,15001.0,586.6170210390119,1.0,8.881784197001252e-16,3.1835308612777298
21,sm,0.1772293474180818,measured,19.189072083958635,4.729804536301295e-16,5.0,0.0,5.0,13251.0,1802.9647683720104,0.2,6.417535730207646e-05,1.0358013772586223
21,iterative,0.07774905375117669,measured,43.7415834523523,0.07901430403443117,5.0,0.0,0.0,15001.0,911.6499533480383,0.0,0.19103459024424252,2.0484983116272324
73,pure_python,142.8565997171704,extrapolated n^3,1.0,,,,,,,,,
73,numpy,0.25993776425214793,measured,549.5800124625022,0.0,5.0,0.0,5.0,7551.0,1808.286985698971,1.0,0.0,596.5370502555444
73,solve,0.15662723691639258,measured,912.0801881567194,0.0,5.0,0.0,5.0,12551.0,1801.731972937996,0.0,0.033517225128735895,598.707355292893
73,sm,0.723997199665367,measured,197.31650865942441,8.755436171558896e-16,5.0,0.0,5.0,5701.0,1803.675978187006,0.0,0.0006434775062880149,598.0620674166969
73,iterative,0.4247502139987773,measured,336.3308481289703,0.0,5.0,0.0,5.0,4851.0,1806.2531212249887,0.0,0.035456491335330576,597.2087587219115
79,pure_python,181.0560337156319,extrapolated n^3,1.0,,,,,,,,,
79,numpy,0.308451734665141,measured,586.9833538533625,0.0,5.0,0.0,5.0,6201.0,1809.2624694299884,1.0,0.0,620.5448264365707
79,solve,0.16392171991659174,measured,1104.527415938282,6.4716866300592595e-16,5.0,0.0,5.0,12001.0,1802.700310987013,0.0,0.3254633388046535,622.8037229637566
79,sm,0.8381815992494618,measured,216.01050879398457,7.86848551860105e-16,5.0,0.0,5.0,5251.0,1822.6843702229671,0.0,0.12301930987174092,615.9752524422488
79,iterative,0.5140672666675528,measured,352.2030003764485,0.0,5.0,0.0,5.0,3951.0,1806.1841351559851,0.0,0.46581149424708945,621.6024397610339
