scope,band,n_runs,med_R_B1,med_R_B2,med_R_B3,med_R_B4,success,caps_used,score,row_best,x_vs_best,keep
A1,B1,3,3.2118056168050524,8.062893868363503,16.062284099866968,3.135569550695177,0.0,27.0,8.062893868363503,7.977316183280621,1.0107276285804292,True
A1,B2,3,3.268407928470509,7.977316183280621,16.056832507994006,2.589867051176564,0.0,56.0,7.977316183280621,7.977316183280621,1.0,True
A1,B3,3,3.2573881757734466,8.089867864819773,15.987614401177614,2.2939116040927554,0.0,66.0,8.089867864819773,7.977316183280621,1.014108965841801,True
A1,B4,3,3.2573881757734466,8.089867864819773,15.987614401177614,2.4922320530805644,0.0,66.0,8.089867864819773,7.977316183280621,1.014108965841801,True
A2,B1,3,3.211304670139813,8.062777838965356,16.062162868438435,2.775749852577867,0.0,68.0,8.062777838965356,7.940584133596656,1.0153885033283254,True
A2,B2,3,3.280399911916816,7.940584133596656,16.054894726583196,3.10951706004367,0.0,50.0,7.940584133596656,7.940584133596656,1.0,True
A2,B3,3,3.2407707326329387,8.048123813832389,16.022770781603015,2.83178160709559,0.0,68.0,8.048123813832389,7.940584133596656,1.0135430439910247,True
A2,B4,3,3.2537776485555403,8.076909577845676,16.079512966995964,2.3111935526292435,0.0,68.0,8.076909577845676,7.940584133596656,1.0171681883795207,True
A3,B1,3,0.9920975085303897,3.589560696574947,5.191430803123244,2.9734270809114314,1.0,9.0,3.589560696574947,3.5606931037973997,1.0081072959494208,True
A3,B2,3,0.992452690334609,3.5606931037973997,5.066262907340149,2.8374059341479274,0.0,38.0,3.5606931037973997,3.5606931037973997,1.0,True
A3,B3,3,1.0336590472617349,3.598191595892453,4.796657895768041,2.81524835017125,0.0,38.0,3.598191595892453,3.5606931037973997,1.0105312339485428,True
A3,B4,3,1.0624309807572232,3.608780436811022,5.069654336875299,2.306062787104245,0.0,38.0,3.608780436811022,3.5606931037973997,1.0135050484868628,True
A4,B1,3,0.9833753624821875,2.5549830574585854,5.1022862091387635,2.6198039645441824,1.0,9.0,2.5549830574585854,2.2159788655712584,1.1529816900126144,True
A4,B2,3,1.3146117065808844,2.2159788655712584,4.864444482165932,2.4976824931650548,0.0,20.0,2.2159788655712584,2.2159788655712584,1.0,True
A4,B3,3,1.066385235557632,2.335132839135387,4.419565589728065,2.302701676972729,0.0,20.0,2.335132839135387,2.2159788655712584,1.0537703564846101,True
A4,B4,3,1.066385235557632,2.335132839135387,4.432323981064067,2.2952234524731723,0.0,20.0,2.335132839135387,2.2159788655712584,1.0537703564846101,True
A5,B1,3,0.9750241081782017,2.401106766117237,4.77807803351051,2.7163104722708202,1.0,3.0,2.401106766117237,1.1436063657206903,2.0995919908193947,False
A5,B2,3,0.6230763350281373,1.1436063657206903,2.430089570084434,1.3814922446812157,0.0,78.0,1.1436063657206903,1.1436063657206903,1.0,True
A5,B3,3,0.6438999292316743,1.3382716779356585,2.24742727114961,1.3248672880019239,0.0,78.0,1.3382716779356585,1.1436063657206903,1.1702205566967896,True
A5,B4,3,0.5463626064398065,1.1937154314751326,2.2639145620216024,1.2870226877872022,0.0,78.0,1.1937154314751326,1.1436063657206903,1.0438167076158797,True
