scope,band,rail,target_ohm,peak_B1_ohm,peak_B2_ohm,peak_B3_ohm,peak_B4_ohm
A1,B1,mer1,0.2,0.6421824071532864,1.6125890959484566,3.2124772245809377,0.32768588780103325
A1,B1,mer2,0.2,0.19960064046830067,0.7282552701791873,0.993147567339074,0.4794177314730977
A1,B1,mphyvdd,0.5,0.49542555004297995,1.243097426000236,2.603401665014668,1.1512823816962425
A1,B1,pll1v0,0.5,0.49758480981132186,1.2436557907703407,2.5341418240273654,1.5676882375925714
A1,B1,pll1v8,1.8,4.5414988207162335,11.660742874913005,23.398648105326103,2.833926816740147
A1,B2,mer1,0.2,0.6560304257921691,1.5884780046687703,3.210921241122109,0.32752717108945356
A1,B2,mer2,0.2,0.19501682576223095,0.7118307635577836,0.9711444311430795,0.4687962548796038
A1,B2,mphyvdd,0.5,0.5198039034498534,1.1074621133867892,2.472129995316264,1.0932311164725301
A1,B2,pll1v0,0.5,0.42659503156099554,1.035471132576756,2.091895176845555,1.2941025762345002
A1,B2,pll1v8,1.8,4.715405903622321,11.470181450679824,23.31133450571754,2.823351831797299
A1,B3,mer1,0.2,0.6536360957462513,1.619353055248979,3.196192535257463,0.326024782521377
A1,B3,mer2,0.2,0.2320096041732677,0.7457675725362158,0.8367951907716358,0.43211355538046553
A1,B3,mphyvdd,0.5,0.551349162187463,1.2354161316941639,2.31802406347804,1.0250820303655157
A1,B3,pll1v0,0.5,0.6148804979209423,1.2359953444221086,1.834581181820333,1.1349212235792203
A1,B3,pll1v8,1.8,4.7414797041055206,11.616032104956965,23.15255866758325,2.8041216992052913
A1,B4,mer1,0.2,0.6536360957462513,1.619353055248979,3.196192535257463,0.326024782521377
A1,B4,mer2,0.2,0.21962279669147722,0.7347747407628913,0.8497566259922529,0.41019925672168656
A1,B4,mphyvdd,0.5,0.551349162187463,1.2354161316941639,2.31802406347804,1.0250820303655157
A1,B4,pll1v0,0.5,0.6212268312229858,1.2418231274552864,1.833286155928532,1.1341200857586353
A1,B4,pll1v8,1.8,4.7414797041055206,11.616032104956965,23.15255866758325,2.8041216992052913
A2,B1,mer1,0.2,0.6421132292749818,1.612522629668924,3.2123835141808295,0.32767632895485077
A2,B1,mer2,0.2,0.1966492592273536,0.7200881286506082,0.9651251036005951,0.4658905715246692
A2,B1,mphyvdd,0.5,0.4929716449975571,1.227211008178894,2.5368844262047467,1.1218669725605508
A2,B1,pll1v0,0.5,0.47231756415364606,1.1482909463940891,2.2829862710420934,1.41231666269179
A2,B1,pll1v8,1.8,4.671108685820949,11.671394044990034,23.365088519095302,2.8298622480971245
A2,B2,mer1,0.2,0.655356334614464,1.5882481142769116,3.21021588160459,0.327455221517968
A2,B2,mer2,0.2,0.19708363231175138,0.7170482178001635,0.9695623504370283,0.46803254405953487
A2,B2,mphyvdd,0.5,0.5025400617063381,1.2303868896464931,2.5431464273707247,1.1246361693823217
A2,B2,pll1v0,0.5,0.47950979159256163,1.158043983469374,2.3084081522904505,1.4280433216469652
A2,B2,pll1v8,1.8,4.671353944121198,11.671348434099961,23.364773139018517,2.82982405084517
A2,B3,mer1,0.2,0.6539264770248671,1.6197076247307223,3.1960534453345075,0.3260105947772467
A2,B3,mer2,0.2,0.19537367402124406,0.7174656301094472,0.9680369265950288,0.46729618295679787
A2,B3,mphyvdd,0.5,0.49327433388059894,1.2231500679477858,2.5249524614916687,1.1165903911794328
A2,B3,pll1v0,0.5,0.5101971328021554,1.2290806124869742,2.4798635041372448,1.5341102101746742
A2,B3,pll1v8,1.8,4.687693493609116,11.69387586510708,23.384453696485814,2.832207661185559
A2,B4,mer1,0.2,0.6495357002406007,1.613944718333142,3.214000939350929,0.32784131297365104
A2,B4,mer2,0.2,0.2164105140919314,0.7386992161841744,0.9376558111069004,0.4526304414839922
A2,B4,mphyvdd,0.5,0.49193966649454934,1.224013765380022,2.532793942469996,1.1200580692631
A2,B4,pll1v0,0.5,0.614095399112318,1.2386297191151874,1.8351175745590371,1.1352530505429765
A2,B4,pll1v8,1.8,4.6739171683527605,11.674794317863215,23.37219007794983,2.8307223532616588
A3,B1,mer2,0.2,0.19674106634799593,0.7240646565316674,0.9882117651132463,0.477035093500731
A3,B1,mphyvdd,0.5,0.49420437345241824,1.2365829228139322,2.59473663360229,1.147450511210801
A3,B1,pll1v0,0.5,0.49449864895482937,1.2372568740388488,2.520855351477458,1.5594688685982625
A3,B2,mer2,0.2,0.19501545470782697,0.7117406920525738,0.9710788930070731,0.46876461794515234
A3,B2,mphyvdd,0.5,0.5105809112761587,1.267179766222756,2.6109904975889107,1.1546383330109298
A3,B2,pll1v0,0.5,0.46896070951274677,1.153841756395852,2.319761675411524,1.4350669161764347
A3,B3,mer2,0.2,0.2112159907317216,0.731526716803585,0.9332333308450707,0.4504955971523572
A3,B3,mphyvdd,0.5,0.5185954036149598,1.2518260868329154,2.330658704834298,1.0306693510575096
A3,B3,pll1v0,0.5,0.47077381715383915,1.1351684734062641,2.256058011722185,1.3956581177775294
A3,B4,mer2,0.2,0.21404097698676172,0.7326592560324134,0.9415969159324098,0.45480661173251513
A3,B4,mphyvdd,0.5,0.49142123870908877,1.224773506803721,2.5302574251980188,1.118936364654342
A3,B4,pll1v0,0.5,0.5919977543438735,1.2341421670601647,1.8386509956487338,1.1374389197900157
A4,B1,ddr,0.0675,0.06656221319152034,0.17476688786129407,0.3507399421369517,0.18008983684384167
A4,B2,ddr,0.0675,0.09060921886497567,0.1412402065474255,0.3231773179615607,0.16593761779376232
A4,B3,ddr,0.0675,0.08803472270060614,0.18298413108182685,0.27958424150978317,0.17278434662261086
A4,B4,ddr,0.0675,0.0737682436002958,0.15260536329308894,0.29156375923753897,0.14992625286884131
A5,B2,ddr,0.0675,0.044910166222982995,0.07280928948320131,0.1637144081875799,0.0930707197125488
A5,B3,ddr,0.0675,0.04193724340560976,0.08898189389423311,0.14233683137647063,0.08782595026298937
A5,B4,ddr,0.0675,0.04221208934497035,0.07871299527717433,0.14402198008764605,0.08187568516159771
