problem,run_id,best_n_caps,B50_ohm,B200_ohm,BFULL_ohm,wall_s,fitness_evals,timed_out,frac_caps_slope_outside_0p8_1p2
mer1,1,5,1.58774246160225,6.448126818286528,30.772406613670142,108.84896052797558,60000,False,0.4
mer1,2,4,1.587738678662557,6.4483905411152636,30.95058167175284,118.06251750001684,60000,False,0.25
mer1,3,4,1.5875957670111782,6.448071776364846,30.95290040319418,117.63618036202388,60000,False,0.75
mer2,1,13,0.7109965658221651,2.036489622645622,9.049118535108597,117.76539186900482,60000,False,0.07692307692307693
mer2,2,15,0.7121106531806501,2.0398704606176494,9.147325321994886,118.21575617894996,60000,False,0.2
mer2,3,13,0.7109679176845851,2.0406464554607946,9.00677926358481,118.37032399699092,60000,False,0.07692307692307693
pll1v0,1,14,1.0329886853630312,4.3107741397676795,18.728051975369223,109.16171276202658,56000,False,0.42857142857142855
pll1v0,2,14,1.0326504603188138,4.822688519312963,20.491164105562838,109.26293348002946,56000,False,0.42857142857142855
pll1v0,3,14,1.0297174737934807,4.408160161262963,18.7308842690828,108.73212176299421,56000,False,0.5
pll1v8,1,12,11.467594902429756,47.82004510222615,241.30014873964942,116.91995128901908,60000,False,0.25
pll1v8,2,7,11.467508177384088,47.82588034164249,241.31827635430025,114.70289709698409,60000,False,0.42857142857142855
pll1v8,3,7,11.467540886419862,47.82868386877629,241.317646040951,114.60072746902006,60000,False,0.8571428571428571
mphyvdd,1,7,1.0782898995444876,7.356179403846179,30.563947816163274,36.01441745599732,36000,False,0.42857142857142855
mphyvdd,2,6,1.078639183089509,7.251230359124407,30.09306311120094,36.14799963799305,36000,False,0.5
mphyvdd,3,6,1.0784016276355641,7.364773308404006,30.43720172174219,36.61806303501362,36000,False,0.6666666666666666
mphy_full,1,44,11.466203410188324,47.8301699531397,241.1910111078435,12754.015589285002,272000,False,0.36363636363636365
mphy_full,2,32,11.46570213643526,47.8331573240586,241.20571941168618,12761.541778470972,272000,False,0.34375
mphy_full,3,39,11.466263589133167,47.82668490912456,241.1813103453084,12769.173078751017,272000,False,0.3076923076923077
ddr21,1,20,0.14072616905450266,0.6330297656381938,4.548935126062768,350.4980805669911,80000,False,0.25
ddr21,2,20,0.13503411569215593,0.6023992858271434,4.306022010171979,346.003096415021,80000,False,0.35
ddr21,3,20,0.13005345867402282,0.5790914919632109,3.9348178719745794,344.9168390010018,80000,False,0.4
ddr_full,1,78,0.06608042735545173,0.28760015269440803,1.53571846562278,21087.69818633003,312000,False,0.3076923076923077
ddr_full,2,78,0.06891981266585266,0.2946218130269745,1.6016324536897193,19910.571665138996,312000,False,0.34615384615384615
ddr_full,3,75,0.06909591849809564,0.31356346540261176,1.7435385514150066,13850.756193197973,312000,False,0.22666666666666666
